nome_associado,sobrenome_associado,idade_associado,vlr_transacao_movimento,des_transacao_movimento,data_movimento,numero_cartao,nome_impresso_cartao,tipo_conta,data_criacao_conta
Ana,Silva,28,-84.19,COMPRA VESTUARIO,2026-01-01T11:10:00.000Z,100001,ANA SILVA,TITULAR,2022-01-10T09:30:00.000Z
Ana,Silva,28,-955.28,COMPRA ELETRONICOS,2026-01-02T22:00:00.000Z,100001,ANA SILVA,TITULAR,2022-01-10T09:30:00.000Z
Ana,Silva,28,-331.37,COMPRA FARMACIA,2026-01-04T05:09:00.000Z,100001,ANA SILVA,TITULAR,2022-01-10T09:30:00.000Z
Ana,Silva,28,-1202.46,CINEMA,2026-01-05T12:18:00.000Z,100001,ANA SILVA,TITULAR,2022-01-10T09:30:00.000Z
Ana,Silva,28,-578.55,PET SHOP,2026-01-06T23:08:00.000Z,100001,ANA SILVA,TITULAR,2022-01-10T09:30:00.000Z
Ana,Silva,28,-1449.64,ESTACIONAMENTO,2026-01-08T06:17:00.000Z,100001,ANA SILVA,TITULAR,2022-01-10T09:30:00.000Z
Ana,Silva,28,-825.73,COMPRA ECOMMERCE,2026-01-09T17:07:00.000Z,100001,ANA SILVA,TITULAR,2022-01-10T09:30:00.000Z
Ana,Silva,28,-201.82,ASSINATURA SOFTWARE,2026-01-11T00:16:00.000Z,100001,ANA SILVA,TITULAR,2022-01-10T09:30:00.000Z
Ana,Silva,28,-1072.91,RESTAURANTE,2026-01-12T07:25:00.000Z,100001,ANA SILVA,TITULAR,2022-01-10T09:30:00.000Z
Ana,Silva,28,-449.00,ASSINATURA STREAMING,2026-01-13T18:15:00.000Z,100001,ANA SILVA,TITULAR,2022-01-10T09:30:00.000Z
Ana,Silva,28,-1320.09,SERVICO ONLINE,2026-01-15T01:24:00.000Z,100001,ANA SILVA,TITULAR,2022-01-10T09:30:00.000Z
Ana,Silva,28,-696.18,ACADEMIA,2026-01-16T08:33:00.000Z,100001,ANA SILVA,TITULAR,2022-01-10T09:30:00.000Z
Ana,Silva,28,-72.27,PADARIA,2026-01-17T19:23:00.000Z,100001,ANA SILVA,TITULAR,2022-01-10T09:30:00.000Z
Ana,Silva,28,-943.36,DELIVERY,2026-01-19T02:32:00.000Z,100001,ANA SILVA,TITULAR,2022-01-10T09:30:00.000Z
Ana,Silva,28,-319.45,CAFETERIA,2026-01-20T09:41:00.000Z,100001,ANA SILVA,TITULAR,2022-01-10T09:30:00.000Z
Ana,Silva,28,-1190.54,POSTO COMBUSTIVEL,2026-01-21T20:31:00.000Z,100001,ANA SILVA,TITULAR,2022-01-10T09:30:00.000Z
Ana,Silva,28,-566.63,COMPRA SUPERMERCADO,2026-01-23T03:40:00.000Z,100001,ANA SILVA,TITULAR,2022-01-10T09:30:00.000Z
Ana,Silva,28,-1437.72,LOJA DE DEPARTAMENTO,2026-01-24T10:49:00.000Z,100001,ANA SILVA,TITULAR,2022-01-10T09:30:00.000Z
Ana,Silva,28,-813.81,LIVRARIA,2026-01-25T21:39:00.000Z,100001,ANA SILVA,TITULAR,2022-01-10T09:30:00.000Z
Ana,Silva,28,-189.90,TRANSPORTE APLICATIVO,2026-01-27T04:48:00.000Z,100001,ANA SILVA,TITULAR,2022-01-10T09:30:00.000Z
Ana,Silva,28,-1060.99,COMPRA VESTUARIO,2026-01-28T11:57:00.000Z,100001,ANA SILVA,TITULAR,2022-01-10T09:30:00.000Z
Ana,Silva,28,-437.08,COMPRA ELETRONICOS,2026-01-29T22:47:00.000Z,100001,ANA SILVA,TITULAR,2022-01-10T09:30:00.000Z
Ana,Silva,28,-1308.17,COMPRA FARMACIA,2026-01-31T05:56:00.000Z,100001,ANA SILVA,TITULAR,2022-01-10T09:30:00.000Z
Ana,Silva,28,-684.26,CINEMA,2026-02-01T16:46:00.000Z,100001,ANA SILVA,TITULAR,2022-01-10T09:30:00.000Z
Ana,Silva,28,-60.35,PET SHOP,2026-02-02T23:55:00.000Z,100001,ANA SILVA,TITULAR,2022-01-10T09:30:00.000Z
Ana,Silva,28,-931.44,ESTACIONAMENTO,2026-02-04T07:04:00.000Z,100001,ANA SILVA,TITULAR,2022-01-10T09:30:00.000Z
Ana,Silva,28,-307.53,COMPRA ECOMMERCE,2026-02-05T17:54:00.000Z,100001,ANA SILVA,TITULAR,2022-01-10T09:30:00.000Z
Ana,Silva,28,-1178.62,ASSINATURA SOFTWARE,2026-02-07T01:03:00.000Z,100001,ANA SILVA,TITULAR,2022-01-10T09:30:00.000Z
Ana,Silva,28,-554.71,RESTAURANTE,2026-02-08T08:12:00.000Z,100001,ANA SILVA,TITULAR,2022-01-10T09:30:00.000Z
Ana,Silva,28,-1425.80,ASSINATURA STREAMING,2026-02-09T19:02:00.000Z,100001,ANA SILVA,TITULAR,2022-01-10T09:30:00.000Z
Ana,Silva,28,-801.89,SERVICO ONLINE,2026-02-11T02:11:00.000Z,100001,ANA SILVA,TITULAR,2022-01-10T09:30:00.000Z
Ana,Silva,28,-177.98,ACADEMIA,2026-02-12T09:20:00.000Z,100001,ANA SILVA,TITULAR,2022-01-10T09:30:00.000Z
Ana,Silva,28,-1049.07,PADARIA,2026-02-13T20:10:00.000Z,100001,ANA SILVA,TITULAR,2022-01-10T09:30:00.000Z
Ana,Silva,28,-425.16,DELIVERY,2026-02-15T03:19:00.000Z,100001,ANA SILVA,TITULAR,2022-01-10T09:30:00.000Z
Ana,Silva,28,-1296.25,CAFETERIA,2026-02-16T10:28:00.000Z,100001,ANA SILVA,TITULAR,2022-01-10T09:30:00.000Z
Ana,Silva,28,-672.34,POSTO COMBUSTIVEL,2026-02-17T21:18:00.000Z,100001,ANA SILVA,TITULAR,2022-01-10T09:30:00.000Z
Ana,Silva,28,-48.43,COMPRA SUPERMERCADO,2026-02-19T04:27:00.000Z,100001,ANA SILVA,TITULAR,2022-01-10T09:30:00.000Z
Ana,Silva,28,-919.52,LOJA DE DEPARTAMENTO,2026-02-20T11:36:00.000Z,100001,ANA SILVA,TITULAR,2022-01-10T09:30:00.000Z
Ana,Silva,28,-295.61,LIVRARIA,2026-02-21T22:26:00.000Z,100001,ANA SILVA,TITULAR,2022-01-10T09:30:00.000Z
Ana,Silva,28,-1166.70,TRANSPORTE APLICATIVO,2026-02-23T05:35:00.000Z,100001,ANA SILVA,TITULAR,2022-01-10T09:30:00.000Z
Ana,Silva,28,-542.79,COMPRA VESTUARIO,2026-02-24T16:25:00.000Z,100001,ANA SILVA,TITULAR,2022-01-10T09:30:00.000Z
Ana,Silva,28,-1413.88,COMPRA ELETRONICOS,2026-02-25T23:34:00.000Z,100001,ANA SILVA,TITULAR,2022-01-10T09:30:00.000Z
Ana,Silva,28,-789.97,COMPRA FARMACIA,2026-02-27T06:43:00.000Z,100001,ANA SILVA,TITULAR,2022-01-10T09:30:00.000Z
Ana,Silva,28,-166.06,CINEMA,2026-02-28T17:33:00.000Z,100001,ANA SILVA,TITULAR,2022-01-10T09:30:00.000Z
Ana,Silva,28,-1037.15,PET SHOP,2026-03-02T00:42:00.000Z,100001,ANA SILVA,TITULAR,2022-01-10T09:30:00.000Z
Ana,Silva,28,-413.24,ESTACIONAMENTO,2026-03-03T07:51:00.000Z,100001,ANA SILVA,TITULAR,2022-01-10T09:30:00.000Z
Ana,Silva,28,-1284.33,COMPRA ECOMMERCE,2026-03-04T18:41:00.000Z,100001,ANA SILVA,TITULAR,2022-01-10T09:30:00.000Z
Ana,Silva,28,-660.42,ASSINATURA SOFTWARE,2026-03-06T01:50:00.000Z,100001,ANA SILVA,TITULAR,2022-01-10T09:30:00.000Z
Ana,Silva,28,-36.51,RESTAURANTE,2026-03-07T08:59:00.000Z,100001,ANA SILVA,TITULAR,2022-01-10T09:30:00.000Z
Ana,Silva,28,-907.60,ASSINATURA STREAMING,2026-03-08T19:49:00.000Z,100001,ANA SILVA,TITULAR,2022-01-10T09:30:00.000Z
Ana,Silva,28,-283.69,SERVICO ONLINE,2026-03-10T02:58:00.000Z,100001,ANA SILVA,TITULAR,2022-01-10T09:30:00.000Z
Ana,Silva,28,-1154.78,ACADEMIA,2026-03-11T10:07:00.000Z,100001,ANA SILVA,TITULAR,2022-01-10T09:30:00.000Z
Ana,Silva,28,-530.87,PADARIA,2026-03-12T20:57:00.000Z,100001,ANA SILVA,TITULAR,2022-01-10T09:30:00.000Z
Ana,Silva,28,-1401.96,DELIVERY,2026-03-14T04:06:00.000Z,100001,ANA SILVA,TITULAR,2022-01-10T09:30:00.000Z
Ana,Silva,28,-778.05,CAFETERIA,2026-03-15T11:15:00.000Z,100001,ANA SILVA,TITULAR,2022-01-10T09:30:00.000Z
Ana,Silva,28,-154.14,POSTO COMBUSTIVEL,2026-03-16T22:05:00.000Z,100001,ANA SILVA,TITULAR,2022-01-10T09:30:00.000Z
Ana,Silva,28,-1025.23,COMPRA SUPERMERCADO,2026-03-18T05:14:00.000Z,100001,ANA SILVA,TITULAR,2022-01-10T09:30:00.000Z
Ana,Silva,28,-401.32,LOJA DE DEPARTAMENTO,2026-03-19T16:04:00.000Z,100001,ANA SILVA,TITULAR,2022-01-10T09:30:00.000Z
Ana,Silva,28,-1272.41,LIVRARIA,2026-03-20T23:13:00.000Z,100001,ANA SILVA,TITULAR,2022-01-10T09:30:00.000Z
Ana,Silva,28,-648.50,TRANSPORTE APLICATIVO,2026-03-22T06:22:00.000Z,100001,ANA SILVA,TITULAR,2022-01-10T09:30:00.000Z
Ana,Silva,28,-24.59,COMPRA VESTUARIO,2026-03-23T17:12:00.000Z,100001,ANA SILVA,TITULAR,2022-01-10T09:30:00.000Z
Ana,Silva,28,-895.68,COMPRA ELETRONICOS,2026-03-25T00:21:00.000Z,100001,ANA SILVA,TITULAR,2022-01-10T09:30:00.000Z
Ana,Silva,28,-271.77,COMPRA FARMACIA,2026-03-26T07:30:00.000Z,100001,ANA SILVA,TITULAR,2022-01-10T09:30:00.000Z
Ana,Silva,28,-1142.86,CINEMA,2026-03-27T18:20:00.000Z,100001,ANA SILVA,TITULAR,2022-01-10T09:30:00.000Z
Ana,Silva,28,-518.95,PET SHOP,2026-03-29T01:29:00.000Z,100001,ANA SILVA,TITULAR,2022-01-10T09:30:00.000Z
Ana,Silva,28,-1390.04,ESTACIONAMENTO,2026-03-30T08:38:00.000Z,100001,ANA SILVA,TITULAR,2022-01-10T09:30:00.000Z
Ana,Silva,28,-766.13,COMPRA ECOMMERCE,2026-03-31T19:28:00.000Z,100001,ANA SILVA,TITULAR,2022-01-10T09:30:00.000Z
Ana,Silva,28,-142.22,ASSINATURA SOFTWARE,2026-04-02T02:37:00.000Z,100001,ANA SILVA,TITULAR,2022-01-10T09:30:00.000Z
Ana,Silva,28,-1013.31,RESTAURANTE,2026-04-03T09:46:00.000Z,100001,ANA SILVA,TITULAR,2022-01-10T09:30:00.000Z
Ana,Silva,28,-389.40,ASSINATURA STREAMING,2026-04-04T20:36:00.000Z,100001,ANA SILVA,TITULAR,2022-01-10T09:30:00.000Z
Ana,Silva,28,-1260.49,SERVICO ONLINE,2026-04-06T03:45:00.000Z,100001,ANA SILVA,TITULAR,2022-01-10T09:30:00.000Z
Ana,Silva,28,-636.58,ACADEMIA,2026-04-07T10:54:00.000Z,100001,ANA SILVA,TITULAR,2022-01-10T09:30:00.000Z
Ana,Silva,28,-12.67,PADARIA,2026-04-08T21:44:00.000Z,100001,ANA SILVA,TITULAR,2022-01-10T09:30:00.000Z
Ana,Silva,28,-883.76,DELIVERY,2026-04-10T04:53:00.000Z,100001,ANA SILVA,TITULAR,2022-01-10T09:30:00.000Z
Ana,Silva,28,-259.85,CAFETERIA,2026-04-11T15:43:00.000Z,100001,ANA SILVA,TITULAR,2022-01-10T09:30:00.000Z
Ana,Silva,28,-1130.94,POSTO COMBUSTIVEL,2026-04-12T22:52:00.000Z,100001,ANA SILVA,TITULAR,2022-01-10T09:30:00.000Z
Ana,Silva,28,-507.03,COMPRA SUPERMERCADO,2026-04-14T06:01:00.000Z,100001,ANA SILVA,TITULAR,2022-01-10T09:30:00.000Z
Ana,Silva,28,-1378.12,LOJA DE DEPARTAMENTO,2026-04-15T16:51:00.000Z,100001,ANA SILVA,TITULAR,2022-01-10T09:30:00.000Z
Ana,Silva,28,-754.21,LIVRARIA,2026-04-17T00:00:00.000Z,100001,ANA SILVA,TITULAR,2022-01-10T09:30:00.000Z
Ana,Silva,28,-130.30,TRANSPORTE APLICATIVO,2026-04-18T07:09:00.000Z,100001,ANA SILVA,TITULAR,2022-01-10T09:30:00.000Z
Ana,Silva,28,-1001.39,COMPRA VESTUARIO,2026-04-19T17:59:00.000Z,100001,ANA SILVA,TITULAR,2022-01-10T09:30:00.000Z
Ana,Silva,28,-377.48,COMPRA ELETRONICOS,2026-04-21T01:08:00.000Z,100001,ANA SILVA,TITULAR,2022-01-10T09:30:00.000Z
Ana,Silva,28,-1248.57,COMPRA FARMACIA,2026-04-22T08:17:00.000Z,100001,ANA SILVA,TITULAR,2022-01-10T09:30:00.000Z
Ana,Silva,28,-624.66,CINEMA,2026-04-23T19:07:00.000Z,100001,ANA SILVA,TITULAR,2022-01-10T09:30:00.000Z
Ana,Silva,28,-1495.75,PET SHOP,2026-04-25T02:16:00.000Z,100001,ANA SILVA,TITULAR,2022-01-10T09:30:00.000Z
Ana,Silva,28,-871.84,ESTACIONAMENTO,2026-04-26T09:25:00.000Z,100001,ANA SILVA,TITULAR,2022-01-10T09:30:00.000Z
Ana,Silva,28,-247.93,COMPRA ECOMMERCE,2026-04-27T20:15:00.000Z,100001,ANA SILVA,TITULAR,2022-01-10T09:30:00.000Z
Ana,Silva,28,-1119.02,ASSINATURA SOFTWARE,2026-04-29T03:24:00.000Z,100001,ANA SILVA,TITULAR,2022-01-10T09:30:00.000Z
Ana,Silva,28,-495.11,RESTAURANTE,2026-04-30T10:33:00.000Z,100001,ANA SILVA,TITULAR,2022-01-10T09:30:00.000Z
Ana,Silva,28,-1366.20,ASSINATURA STREAMING,2026-05-01T21:23:00.000Z,100001,ANA SILVA,TITULAR,2022-01-10T09:30:00.000Z
Ana,Silva,28,-742.29,SERVICO ONLINE,2026-05-03T04:32:00.000Z,100001,ANA SILVA,TITULAR,2022-01-10T09:30:00.000Z
Ana,Silva,28,-118.38,ACADEMIA,2026-05-04T15:22:00.000Z,100001,ANA SILVA,TITULAR,2022-01-10T09:30:00.000Z
Ana,Silva,28,-989.47,PADARIA,2026-05-05T22:31:00.000Z,100001,ANA SILVA,TITULAR,2022-01-10T09:30:00.000Z
Ana,Silva,28,-365.56,DELIVERY,2026-05-07T05:40:00.000Z,100001,ANA SILVA,TITULAR,2022-01-10T09:30:00.000Z
Ana,Silva,28,-1236.65,CAFETERIA,2026-05-08T16:30:00.000Z,100001,ANA SILVA,TITULAR,2022-01-10T09:30:00.000Z
Ana,Silva,28,-612.74,POSTO COMBUSTIVEL,2026-05-09T23:39:00.000Z,100001,ANA SILVA,TITULAR,2022-01-10T09:30:00.000Z
Ana,Silva,28,-1483.83,COMPRA SUPERMERCADO,2026-05-11T06:48:00.000Z,100001,ANA SILVA,TITULAR,2022-01-10T09:30:00.000Z
Ana,Silva,28,-859.92,LOJA DE DEPARTAMENTO,2026-05-12T17:38:00.000Z,100001,ANA SILVA,TITULAR,2022-01-10T09:30:00.000Z
Ana,Silva,28,-236.01,LIVRARIA,2026-05-14T00:47:00.000Z,100001,ANA SILVA,TITULAR,2022-01-10T09:30:00.000Z
Ana,Silva,28,-1107.10,TRANSPORTE APLICATIVO,2026-05-15T07:56:00.000Z,100001,ANA SILVA,TITULAR,2022-01-10T09:30:00.000Z
Ana,Silva,28,-483.19,COMPRA VESTUARIO,2026-05-16T18:46:00.000Z,100001,ANA SILVA,TITULAR,2022-01-10T09:30:00.000Z
Ana,Silva,28,-1354.28,COMPRA ELETRONICOS,2026-05-18T01:55:00.000Z,100001,ANA SILVA,TITULAR,2022-01-10T09:30:00.000Z
Ana,Silva,28,-730.37,COMPRA FARMACIA,2026-05-19T09:04:00.000Z,100001,ANA SILVA,TITULAR,2022-01-10T09:30:00.000Z
Ana,Silva,28,-106.46,CINEMA,2026-05-20T19:54:00.000Z,100001,ANA SILVA,TITULAR,2022-01-10T09:30:00.000Z
Ana,Silva,28,-977.55,PET SHOP,2026-05-22T03:03:00.000Z,100001,ANA SILVA,TITULAR,2022-01-10T09:30:00.000Z
Ana,Silva,28,-353.64,ESTACIONAMENTO,2026-05-23T10:12:00.000Z,100001,ANA SILVA,TITULAR,2022-01-10T09:30:00.000Z
Ana,Silva,28,-1224.73,COMPRA ECOMMERCE,2026-05-24T21:02:00.000Z,100001,ANA SILVA,TITULAR,2022-01-10T09:30:00.000Z
Ana,Silva,28,-600.82,ASSINATURA SOFTWARE,2026-05-26T04:11:00.000Z,100001,ANA SILVA,TITULAR,2022-01-10T09:30:00.000Z
Ana,Silva,28,-1471.91,RESTAURANTE,2026-05-27T15:01:00.000Z,100001,ANA SILVA,TITULAR,2022-01-10T09:30:00.000Z
Ana,Silva,28,-848.00,ASSINATURA STREAMING,2026-05-28T22:10:00.000Z,100001,ANA SILVA,TITULAR,2022-01-10T09:30:00.000Z
Ana,Silva,28,-224.09,SERVICO ONLINE,2026-05-30T05:19:00.000Z,100001,ANA SILVA,TITULAR,2022-01-10T09:30:00.000Z
Ana,Silva,28,-1095.18,ACADEMIA,2026-05-31T16:09:00.000Z,100001,ANA SILVA,TITULAR,2022-01-10T09:30:00.000Z
Ana,Silva,28,-471.27,PADARIA,2026-06-01T23:18:00.000Z,100001,ANA SILVA,TITULAR,2022-01-10T09:30:00.000Z
Ana,Silva,28,-1342.36,DELIVERY,2026-06-03T06:27:00.000Z,100001,ANA SILVA,TITULAR,2022-01-10T09:30:00.000Z
Ana,Silva,28,-718.45,CAFETERIA,2026-06-04T17:17:00.000Z,100001,ANA SILVA,TITULAR,2022-01-10T09:30:00.000Z
Ana,Silva,28,-94.54,POSTO COMBUSTIVEL,2026-06-06T00:26:00.000Z,100001,ANA SILVA,TITULAR,2022-01-10T09:30:00.000Z
Ana,Silva,28,-965.63,COMPRA SUPERMERCADO,2026-06-07T07:35:00.000Z,100001,ANA SILVA,TITULAR,2022-01-10T09:30:00.000Z
Ana,Silva,28,-341.72,LOJA DE DEPARTAMENTO,2026-06-08T18:25:00.000Z,100001,ANA SILVA,TITULAR,2022-01-10T09:30:00.000Z
Ana,Silva,28,-1212.81,LIVRARIA,2026-06-10T01:34:00.000Z,100001,ANA SILVA,TITULAR,2022-01-10T09:30:00.000Z
Ana,Silva,28,-588.90,TRANSPORTE APLICATIVO,2026-06-11T08:43:00.000Z,100001,ANA SILVA,TITULAR,2022-01-10T09:30:00.000Z
Ana,Silva,28,-1459.99,COMPRA VESTUARIO,2026-06-12T19:33:00.000Z,100001,ANA SILVA,TITULAR,2022-01-10T09:30:00.000Z
Ana,Silva,28,-836.08,COMPRA ELETRONICOS,2026-06-14T02:42:00.000Z,100001,ANA SILVA,TITULAR,2022-01-10T09:30:00.000Z
Ana,Silva,28,-212.17,COMPRA FARMACIA,2026-06-15T09:51:00.000Z,100001,ANA SILVA,TITULAR,2022-01-10T09:30:00.000Z
Ana,Silva,28,-1083.26,CINEMA,2026-06-16T20:41:00.000Z,100001,ANA SILVA,TITULAR,2022-01-10T09:30:00.000Z
Ana,Silva,28,-459.35,PET SHOP,2026-06-18T03:50:00.000Z,100001,ANA SILVA,TITULAR,2022-01-10T09:30:00.000Z
Ana,Silva,28,-1330.44,ESTACIONAMENTO,2026-06-19T14:40:00.000Z,100001,ANA SILVA,TITULAR,2022-01-10T09:30:00.000Z
Ana,Silva,28,-706.53,COMPRA ECOMMERCE,2026-06-20T21:49:00.000Z,100001,ANA SILVA,TITULAR,2022-01-10T09:30:00.000Z
Ana,Silva,28,-82.62,ASSINATURA SOFTWARE,2026-06-22T04:58:00.000Z,100001,ANA SILVA,TITULAR,2022-01-10T09:30:00.000Z
Ana,Silva,28,-953.71,RESTAURANTE,2026-06-23T15:48:00.000Z,100001,ANA SILVA,TITULAR,2022-01-10T09:30:00.000Z
Ana,Silva,28,-329.80,ASSINATURA STREAMING,2026-06-24T22:57:00.000Z,100001,ANA SILVA,TITULAR,2022-01-10T09:30:00.000Z
Ana,Silva,28,-1200.89,SERVICO ONLINE,2026-06-26T06:06:00.000Z,100001,ANA SILVA,TITULAR,2022-01-10T09:30:00.000Z
Ana,Silva,28,-576.98,ACADEMIA,2026-06-27T16:56:00.000Z,100001,ANA SILVA,TITULAR,2022-01-10T09:30:00.000Z
Ana,Silva,28,-1448.07,PADARIA,2026-06-29T00:05:00.000Z,100001,ANA SILVA,TITULAR,2022-01-10T09:30:00.000Z
Ana,Silva,28,-824.16,DELIVERY,2026-06-30T07:14:00.000Z,100001,ANA SILVA,TITULAR,2022-01-10T09:30:00.000Z
Ana,Silva,28,-200.25,CAFETERIA,2026-07-01T18:04:00.000Z,100001,ANA SILVA,TITULAR,2022-01-10T09:30:00.000Z
Ana,Silva,28,-1071.34,POSTO COMBUSTIVEL,2026-07-03T01:13:00.000Z,100001,ANA SILVA,TITULAR,2022-01-10T09:30:00.000Z
Ana,Silva,28,-447.43,COMPRA SUPERMERCADO,2026-07-04T08:22:00.000Z,100001,ANA SILVA,TITULAR,2022-01-10T09:30:00.000Z
Ana,Silva,28,-1318.52,LOJA DE DEPARTAMENTO,2026-07-05T19:12:00.000Z,100001,ANA SILVA,TITULAR,2022-01-10T09:30:00.000Z
Ana,Silva,28,-694.61,LIVRARIA,2026-07-07T02:21:00.000Z,100001,ANA SILVA,TITULAR,2022-01-10T09:30:00.000Z
Ana,Silva,28,-70.70,TRANSPORTE APLICATIVO,2026-07-08T09:30:00.000Z,100001,ANA SILVA,TITULAR,2022-01-10T09:30:00.000Z
Ana,Silva,28,-941.79,COMPRA VESTUARIO,2026-07-09T20:20:00.000Z,100001,ANA SILVA,TITULAR,2022-01-10T09:30:00.000Z
Ana,Silva,28,-317.88,COMPRA ELETRONICOS,2026-07-11T03:29:00.000Z,100001,ANA SILVA,TITULAR,2022-01-10T09:30:00.000Z
Ana,Silva,28,-1188.97,COMPRA FARMACIA,2026-07-12T14:19:00.000Z,100001,ANA SILVA,TITULAR,2022-01-10T09:30:00.000Z
Ana,Silva,28,-565.06,CINEMA,2026-07-13T21:28:00.000Z,100001,ANA SILVA,TITULAR,2022-01-10T09:30:00.000Z
Ana,Silva,28,-1436.15,PET SHOP,2026-07-15T04:37:00.000Z,100001,ANA SILVA,TITULAR,2022-01-10T09:30:00.000Z
Ana,Silva,28,-812.24,ESTACIONAMENTO,2026-07-16T15:27:00.000Z,100001,ANA SILVA,TITULAR,2022-01-10T09:30:00.000Z
Ana,Silva,28,-188.33,COMPRA ECOMMERCE,2026-07-17T22:36:00.000Z,100001,ANA SILVA,TITULAR,2022-01-10T09:30:00.000Z
Ana,Silva,28,-1059.42,ASSINATURA SOFTWARE,2026-07-19T05:45:00.000Z,100001,ANA SILVA,TITULAR,2022-01-10T09:30:00.000Z
Ana,Silva,28,-435.51,RESTAURANTE,2026-07-20T16:35:00.000Z,100001,ANA SILVA,TITULAR,2022-01-10T09:30:00.000Z
Ana,Silva,28,-1306.60,ASSINATURA STREAMING,2026-07-21T23:44:00.000Z,100001,ANA SILVA,TITULAR,2022-01-10T09:30:00.000Z
Ana,Silva,28,-682.69,SERVICO ONLINE,2026-07-23T06:53:00.000Z,100001,ANA SILVA,TITULAR,2022-01-10T09:30:00.000Z
Ana,Silva,28,-58.78,ACADEMIA,2026-07-24T17:43:00.000Z,100001,ANA SILVA,TITULAR,2022-01-10T09:30:00.000Z
Ana,Silva,28,-929.87,PADARIA,2026-07-26T00:52:00.000Z,100001,ANA SILVA,TITULAR,2022-01-10T09:30:00.000Z
Ana,Silva,28,-305.96,DELIVERY,2026-07-27T08:01:00.000Z,100001,ANA SILVA,TITULAR,2022-01-10T09:30:00.000Z
Ana,Silva,28,-1177.05,CAFETERIA,2026-07-28T18:51:00.000Z,100001,ANA SILVA,TITULAR,2022-01-10T09:30:00.000Z
Ana,Silva,28,-553.14,POSTO COMBUSTIVEL,2026-07-30T02:00:00.000Z,100001,ANA SILVA,TITULAR,2022-01-10T09:30:00.000Z
Ana,Silva,28,-1424.23,COMPRA SUPERMERCADO,2026-07-31T09:09:00.000Z,100001,ANA SILVA,TITULAR,2022-01-10T09:30:00.000Z
Ana,Silva,28,-800.32,LOJA DE DEPARTAMENTO,2026-08-01T19:59:00.000Z,100001,ANA SILVA,TITULAR,2022-01-10T09:30:00.000Z
Ana,Silva,28,-176.41,LIVRARIA,2026-08-03T03:08:00.000Z,100001,ANA SILVA,TITULAR,2022-01-10T09:30:00.000Z
Ana,Silva,28,-1047.50,TRANSPORTE APLICATIVO,2026-08-04T13:58:00.000Z,100001,ANA SILVA,TITULAR,2022-01-10T09:30:00.000Z
Ana,Silva,28,-423.59,COMPRA VESTUARIO,2026-08-05T21:07:00.000Z,100001,ANA SILVA,TITULAR,2022-01-10T09:30:00.000Z
Ana,Silva,28,-1294.68,COMPRA ELETRONICOS,2026-08-07T04:16:00.000Z,100001,ANA SILVA,TITULAR,2022-01-10T09:30:00.000Z
Ana,Silva,28,-670.77,COMPRA FARMACIA,2026-08-08T15:06:00.000Z,100001,ANA SILVA,TITULAR,2022-01-10T09:30:00.000Z
Ana,Silva,28,-46.86,CINEMA,2026-08-09T22:15:00.000Z,100001,ANA SILVA,TITULAR,2022-01-10T09:30:00.000Z
Ana,Silva,28,-917.95,PET SHOP,2026-08-11T05:24:00.000Z,100001,ANA SILVA,TITULAR,2022-01-10T09:30:00.000Z
Ana,Silva,28,-294.04,ESTACIONAMENTO,2026-08-12T16:14:00.000Z,100001,ANA SILVA,TITULAR,2022-01-10T09:30:00.000Z
Ana,Silva,28,-1165.13,COMPRA ECOMMERCE,2026-08-13T23:23:00.000Z,100001,ANA SILVA,TITULAR,2022-01-10T09:30:00.000Z
Ana,Silva,28,-541.22,ASSINATURA SOFTWARE,2026-08-15T06:32:00.000Z,100001,ANA SILVA,TITULAR,2022-01-10T09:30:00.000Z
Ana,Silva,28,-1412.31,RESTAURANTE,2026-08-16T17:22:00.000Z,100001,ANA SILVA,TITULAR,2022-01-10T09:30:00.000Z
Ana,Silva,28,-788.40,ASSINATURA STREAMING,2026-08-18T00:31:00.000Z,100001,ANA SILVA,TITULAR,2022-01-10T09:30:00.000Z
Ana,Silva,28,-164.49,SERVICO ONLINE,2026-08-19T07:40:00.000Z,100001,ANA SILVA,TITULAR,2022-01-10T09:30:00.000Z
Ana,Silva,28,-1035.58,ACADEMIA,2026-08-20T18:30:00.000Z,100001,ANA SILVA,TITULAR,2022-01-10T09:30:00.000Z
Ana,Silva,28,-411.67,PADARIA,2026-08-22T01:39:00.000Z,100001,ANA SILVA,TITULAR,2022-01-10T09:30:00.000Z
Ana,Silva,28,-1282.76,DELIVERY,2026-08-23T08:48:00.000Z,100001,ANA SILVA,TITULAR,2022-01-10T09:30:00.000Z
Ana,Silva,28,-658.85,CAFETERIA,2026-08-24T19:38:00.000Z,100001,ANA SILVA,TITULAR,2022-01-10T09:30:00.000Z
Ana,Silva,28,-34.94,POSTO COMBUSTIVEL,2026-08-26T02:47:00.000Z,100001,ANA SILVA,TITULAR,2022-01-10T09:30:00.000Z
Ana,Silva,28,-906.03,COMPRA SUPERMERCADO,2026-08-27T13:37:00.000Z,100001,ANA SILVA,TITULAR,2022-01-10T09:30:00.000Z
Ana,Silva,28,-282.12,LOJA DE DEPARTAMENTO,2026-08-28T20:46:00.000Z,100001,ANA SILVA,TITULAR,2022-01-10T09:30:00.000Z
Ana,Silva,28,-1153.21,LIVRARIA,2026-08-30T03:55:00.000Z,100001,ANA SILVA,TITULAR,2022-01-10T09:30:00.000Z
Ana,Silva,28,-529.30,TRANSPORTE APLICATIVO,2026-08-31T14:45:00.000Z,100001,ANA SILVA,TITULAR,2022-01-10T09:30:00.000Z
Ana,Silva,28,-1400.39,COMPRA VESTUARIO,2026-09-01T21:54:00.000Z,100001,ANA SILVA,TITULAR,2022-01-10T09:30:00.000Z
Ana,Silva,28,-776.48,COMPRA ELETRONICOS,2026-09-03T05:03:00.000Z,100001,ANA SILVA,TITULAR,2022-01-10T09:30:00.000Z
Ana,Silva,28,-163.38,PET SHOP,2026-01-01T14:20:00.000Z,100002,ANA SILVA,DEPENDENTE,2023-04-15T14:20:00.000Z
Ana,Silva,28,-1034.47,ESTACIONAMENTO,2026-01-03T01:10:00.000Z,100002,ANA SILVA,DEPENDENTE,2023-04-15T14:20:00.000Z
Ana,Silva,28,-410.56,COMPRA ECOMMERCE,2026-01-04T08:19:00.000Z,100002,ANA SILVA,DEPENDENTE,2023-04-15T14:20:00.000Z
Ana,Silva,28,-1281.65,ASSINATURA SOFTWARE,2026-01-05T15:28:00.000Z,100002,ANA SILVA,DEPENDENTE,2023-04-15T14:20:00.000Z
Ana,Silva,28,-657.74,RESTAURANTE,2026-01-07T02:18:00.000Z,100002,ANA SILVA,DEPENDENTE,2023-04-15T14:20:00.000Z
Ana,Silva,28,-33.83,ASSINATURA STREAMING,2026-01-08T09:27:00.000Z,100002,ANA SILVA,DEPENDENTE,2023-04-15T14:20:00.000Z
Ana,Silva,28,-904.92,SERVICO ONLINE,2026-01-09T16:36:00.000Z,100002,ANA SILVA,DEPENDENTE,2023-04-15T14:20:00.000Z
Ana,Silva,28,-281.01,ACADEMIA,2026-01-11T03:26:00.000Z,100002,ANA SILVA,DEPENDENTE,2023-04-15T14:20:00.000Z
Ana,Silva,28,-1152.10,PADARIA,2026-01-12T10:35:00.000Z,100002,ANA SILVA,DEPENDENTE,2023-04-15T14:20:00.000Z
Ana,Silva,28,-528.19,DELIVERY,2026-01-13T21:25:00.000Z,100002,ANA SILVA,DEPENDENTE,2023-04-15T14:20:00.000Z
Ana,Silva,28,-1399.28,CAFETERIA,2026-01-15T04:34:00.000Z,100002,ANA SILVA,DEPENDENTE,2023-04-15T14:20:00.000Z
Ana,Silva,28,-775.37,POSTO COMBUSTIVEL,2026-01-16T11:43:00.000Z,100002,ANA SILVA,DEPENDENTE,2023-04-15T14:20:00.000Z
Ana,Silva,28,-151.46,COMPRA SUPERMERCADO,2026-01-17T22:33:00.000Z,100002,ANA SILVA,DEPENDENTE,2023-04-15T14:20:00.000Z
Ana,Silva,28,-1022.55,LOJA DE DEPARTAMENTO,2026-01-19T05:42:00.000Z,100002,ANA SILVA,DEPENDENTE,2023-04-15T14:20:00.000Z
Ana,Silva,28,-398.64,LIVRARIA,2026-01-20T12:51:00.000Z,100002,ANA SILVA,DEPENDENTE,2023-04-15T14:20:00.000Z
Ana,Silva,28,-1269.73,TRANSPORTE APLICATIVO,2026-01-21T23:41:00.000Z,100002,ANA SILVA,DEPENDENTE,2023-04-15T14:20:00.000Z
Ana,Silva,28,-645.82,COMPRA VESTUARIO,2026-01-23T06:50:00.000Z,100002,ANA SILVA,DEPENDENTE,2023-04-15T14:20:00.000Z
Ana,Silva,28,-21.91,COMPRA ELETRONICOS,2026-01-24T13:59:00.000Z,100002,ANA SILVA,DEPENDENTE,2023-04-15T14:20:00.000Z
Ana,Silva,28,-893.00,COMPRA FARMACIA,2026-01-26T00:49:00.000Z,100002,ANA SILVA,DEPENDENTE,2023-04-15T14:20:00.000Z
Ana,Silva,28,-269.09,CINEMA,2026-01-27T07:58:00.000Z,100002,ANA SILVA,DEPENDENTE,2023-04-15T14:20:00.000Z
Ana,Silva,28,-1140.18,PET SHOP,2026-01-28T15:07:00.000Z,100002,ANA SILVA,DEPENDENTE,2023-04-15T14:20:00.000Z
Ana,Silva,28,-516.27,ESTACIONAMENTO,2026-01-30T01:57:00.000Z,100002,ANA SILVA,DEPENDENTE,2023-04-15T14:20:00.000Z
Ana,Silva,28,-1387.36,COMPRA ECOMMERCE,2026-01-31T09:06:00.000Z,100002,ANA SILVA,DEPENDENTE,2023-04-15T14:20:00.000Z
Ana,Silva,28,-763.45,ASSINATURA SOFTWARE,2026-02-01T16:15:00.000Z,100002,ANA SILVA,DEPENDENTE,2023-04-15T14:20:00.000Z
Ana,Silva,28,-139.54,RESTAURANTE,2026-02-03T03:05:00.000Z,100002,ANA SILVA,DEPENDENTE,2023-04-15T14:20:00.000Z
Ana,Silva,28,-1010.63,ASSINATURA STREAMING,2026-02-04T10:14:00.000Z,100002,ANA SILVA,DEPENDENTE,2023-04-15T14:20:00.000Z
Ana,Silva,28,-386.72,SERVICO ONLINE,2026-02-05T21:04:00.000Z,100002,ANA SILVA,DEPENDENTE,2023-04-15T14:20:00.000Z
Ana,Silva,28,-1257.81,ACADEMIA,2026-02-07T04:13:00.000Z,100002,ANA SILVA,DEPENDENTE,2023-04-15T14:20:00.000Z
Ana,Silva,28,-633.90,PADARIA,2026-02-08T11:22:00.000Z,100002,ANA SILVA,DEPENDENTE,2023-04-15T14:20:00.000Z
Ana,Silva,28,-9.99,DELIVERY,2026-02-09T22:12:00.000Z,100002,ANA SILVA,DEPENDENTE,2023-04-15T14:20:00.000Z
Ana,Silva,28,-881.08,CAFETERIA,2026-02-11T05:21:00.000Z,100002,ANA SILVA,DEPENDENTE,2023-04-15T14:20:00.000Z
Ana,Silva,28,-257.17,POSTO COMBUSTIVEL,2026-02-12T12:30:00.000Z,100002,ANA SILVA,DEPENDENTE,2023-04-15T14:20:00.000Z
Ana,Silva,28,-1128.26,COMPRA SUPERMERCADO,2026-02-13T23:20:00.000Z,100002,ANA SILVA,DEPENDENTE,2023-04-15T14:20:00.000Z
Ana,Silva,28,-504.35,LOJA DE DEPARTAMENTO,2026-02-15T06:29:00.000Z,100002,ANA SILVA,DEPENDENTE,2023-04-15T14:20:00.000Z
Ana,Silva,28,-1375.44,LIVRARIA,2026-02-16T13:38:00.000Z,100002,ANA SILVA,DEPENDENTE,2023-04-15T14:20:00.000Z
Ana,Silva,28,-751.53,TRANSPORTE APLICATIVO,2026-02-18T00:28:00.000Z,100002,ANA SILVA,DEPENDENTE,2023-04-15T14:20:00.000Z
Ana,Silva,28,-127.62,COMPRA VESTUARIO,2026-02-19T07:37:00.000Z,100002,ANA SILVA,DEPENDENTE,2023-04-15T14:20:00.000Z
Ana,Silva,28,-998.71,COMPRA ELETRONICOS,2026-02-20T14:46:00.000Z,100002,ANA SILVA,DEPENDENTE,2023-04-15T14:20:00.000Z
Ana,Silva,28,-374.80,COMPRA FARMACIA,2026-02-22T01:36:00.000Z,100002,ANA SILVA,DEPENDENTE,2023-04-15T14:20:00.000Z
Ana,Silva,28,-1245.89,CINEMA,2026-02-23T08:45:00.000Z,100002,ANA SILVA,DEPENDENTE,2023-04-15T14:20:00.000Z
Ana,Silva,28,-621.98,PET SHOP,2026-02-24T15:54:00.000Z,100002,ANA SILVA,DEPENDENTE,2023-04-15T14:20:00.000Z
Ana,Silva,28,-1493.07,ESTACIONAMENTO,2026-02-26T02:44:00.000Z,100002,ANA SILVA,DEPENDENTE,2023-04-15T14:20:00.000Z
Ana,Silva,28,-869.16,COMPRA ECOMMERCE,2026-02-27T09:53:00.000Z,100002,ANA SILVA,DEPENDENTE,2023-04-15T14:20:00.000Z
Ana,Silva,28,-245.25,ASSINATURA SOFTWARE,2026-02-28T20:43:00.000Z,100002,ANA SILVA,DEPENDENTE,2023-04-15T14:20:00.000Z
Ana,Silva,28,-1116.34,RESTAURANTE,2026-03-02T03:52:00.000Z,100002,ANA SILVA,DEPENDENTE,2023-04-15T14:20:00.000Z
Ana,Silva,28,-492.43,ASSINATURA STREAMING,2026-03-03T11:01:00.000Z,100002,ANA SILVA,DEPENDENTE,2023-04-15T14:20:00.000Z
Ana,Silva,28,-1363.52,SERVICO ONLINE,2026-03-04T21:51:00.000Z,100002,ANA SILVA,DEPENDENTE,2023-04-15T14:20:00.000Z
Ana,Silva,28,-739.61,ACADEMIA,2026-03-06T05:00:00.000Z,100002,ANA SILVA,DEPENDENTE,2023-04-15T14:20:00.000Z
Ana,Silva,28,-115.70,PADARIA,2026-03-07T12:09:00.000Z,100002,ANA SILVA,DEPENDENTE,2023-04-15T14:20:00.000Z
Ana,Silva,28,-986.79,DELIVERY,2026-03-08T22:59:00.000Z,100002,ANA SILVA,DEPENDENTE,2023-04-15T14:20:00.000Z
Ana,Silva,28,-362.88,CAFETERIA,2026-03-10T06:08:00.000Z,100002,ANA SILVA,DEPENDENTE,2023-04-15T14:20:00.000Z
Ana,Silva,28,-1233.97,POSTO COMBUSTIVEL,2026-03-11T13:17:00.000Z,100002,ANA SILVA,DEPENDENTE,2023-04-15T14:20:00.000Z
Ana,Silva,28,-610.06,COMPRA SUPERMERCADO,2026-03-13T00:07:00.000Z,100002,ANA SILVA,DEPENDENTE,2023-04-15T14:20:00.000Z
Ana,Silva,28,-1481.15,LOJA DE DEPARTAMENTO,2026-03-14T07:16:00.000Z,100002,ANA SILVA,DEPENDENTE,2023-04-15T14:20:00.000Z
Ana,Silva,28,-857.24,LIVRARIA,2026-03-15T14:25:00.000Z,100002,ANA SILVA,DEPENDENTE,2023-04-15T14:20:00.000Z
Ana,Silva,28,-233.33,TRANSPORTE APLICATIVO,2026-03-17T01:15:00.000Z,100002,ANA SILVA,DEPENDENTE,2023-04-15T14:20:00.000Z
Ana,Silva,28,-1104.42,COMPRA VESTUARIO,2026-03-18T08:24:00.000Z,100002,ANA SILVA,DEPENDENTE,2023-04-15T14:20:00.000Z
Ana,Silva,28,-480.51,COMPRA ELETRONICOS,2026-03-19T15:33:00.000Z,100002,ANA SILVA,DEPENDENTE,2023-04-15T14:20:00.000Z
Ana,Silva,28,-1351.60,COMPRA FARMACIA,2026-03-21T02:23:00.000Z,100002,ANA SILVA,DEPENDENTE,2023-04-15T14:20:00.000Z
Ana,Silva,28,-727.69,CINEMA,2026-03-22T09:32:00.000Z,100002,ANA SILVA,DEPENDENTE,2023-04-15T14:20:00.000Z
Ana,Silva,28,-103.78,PET SHOP,2026-03-23T20:22:00.000Z,100002,ANA SILVA,DEPENDENTE,2023-04-15T14:20:00.000Z
Ana,Silva,28,-974.87,ESTACIONAMENTO,2026-03-25T03:31:00.000Z,100002,ANA SILVA,DEPENDENTE,2023-04-15T14:20:00.000Z
Ana,Silva,28,-350.96,COMPRA ECOMMERCE,2026-03-26T10:40:00.000Z,100002,ANA SILVA,DEPENDENTE,2023-04-15T14:20:00.000Z
Ana,Silva,28,-1222.05,ASSINATURA SOFTWARE,2026-03-27T21:30:00.000Z,100002,ANA SILVA,DEPENDENTE,2023-04-15T14:20:00.000Z
Ana,Silva,28,-598.14,RESTAURANTE,2026-03-29T04:39:00.000Z,100002,ANA SILVA,DEPENDENTE,2023-04-15T14:20:00.000Z
Ana,Silva,28,-1469.23,ASSINATURA STREAMING,2026-03-30T11:48:00.000Z,100002,ANA SILVA,DEPENDENTE,2023-04-15T14:20:00.000Z
Ana,Silva,28,-845.32,SERVICO ONLINE,2026-03-31T22:38:00.000Z,100002,ANA SILVA,DEPENDENTE,2023-04-15T14:20:00.000Z
Ana,Silva,28,-221.41,ACADEMIA,2026-04-02T05:47:00.000Z,100002,ANA SILVA,DEPENDENTE,2023-04-15T14:20:00.000Z
Ana,Silva,28,-1092.50,PADARIA,2026-04-03T12:56:00.000Z,100002,ANA SILVA,DEPENDENTE,2023-04-15T14:20:00.000Z
Ana,Silva,28,-468.59,DELIVERY,2026-04-04T23:46:00.000Z,100002,ANA SILVA,DEPENDENTE,2023-04-15T14:20:00.000Z
Ana,Silva,28,-1339.68,CAFETERIA,2026-04-06T06:55:00.000Z,100002,ANA SILVA,DEPENDENTE,2023-04-15T14:20:00.000Z
Ana,Silva,28,-715.77,POSTO COMBUSTIVEL,2026-04-07T14:04:00.000Z,100002,ANA SILVA,DEPENDENTE,2023-04-15T14:20:00.000Z
Ana,Silva,28,-91.86,COMPRA SUPERMERCADO,2026-04-09T00:54:00.000Z,100002,ANA SILVA,DEPENDENTE,2023-04-15T14:20:00.000Z
Ana,Silva,28,-962.95,LOJA DE DEPARTAMENTO,2026-04-10T08:03:00.000Z,100002,ANA SILVA,DEPENDENTE,2023-04-15T14:20:00.000Z
Ana,Silva,28,-339.04,LIVRARIA,2026-04-11T15:12:00.000Z,100002,ANA SILVA,DEPENDENTE,2023-04-15T14:20:00.000Z
Ana,Silva,28,-1210.13,TRANSPORTE APLICATIVO,2026-04-13T02:02:00.000Z,100002,ANA SILVA,DEPENDENTE,2023-04-15T14:20:00.000Z
Ana,Silva,28,-586.22,COMPRA VESTUARIO,2026-04-14T09:11:00.000Z,100002,ANA SILVA,DEPENDENTE,2023-04-15T14:20:00.000Z
Ana,Silva,28,-1457.31,COMPRA ELETRONICOS,2026-04-15T20:01:00.000Z,100002,ANA SILVA,DEPENDENTE,2023-04-15T14:20:00.000Z
Ana,Silva,28,-833.40,COMPRA FARMACIA,2026-04-17T03:10:00.000Z,100002,ANA SILVA,DEPENDENTE,2023-04-15T14:20:00.000Z
Ana,Silva,28,-209.49,CINEMA,2026-04-18T10:19:00.000Z,100002,ANA SILVA,DEPENDENTE,2023-04-15T14:20:00.000Z
Ana,Silva,28,-1080.58,PET SHOP,2026-04-19T21:09:00.000Z,100002,ANA SILVA,DEPENDENTE,2023-04-15T14:20:00.000Z
Ana,Silva,28,-456.67,ESTACIONAMENTO,2026-04-21T04:18:00.000Z,100002,ANA SILVA,DEPENDENTE,2023-04-15T14:20:00.000Z
Ana,Silva,28,-1327.76,COMPRA ECOMMERCE,2026-04-22T11:27:00.000Z,100002,ANA SILVA,DEPENDENTE,2023-04-15T14:20:00.000Z
Ana,Silva,28,-703.85,ASSINATURA SOFTWARE,2026-04-23T22:17:00.000Z,100002,ANA SILVA,DEPENDENTE,2023-04-15T14:20:00.000Z
Ana,Silva,28,-79.94,RESTAURANTE,2026-04-25T05:26:00.000Z,100002,ANA SILVA,DEPENDENTE,2023-04-15T14:20:00.000Z
Ana,Silva,28,-951.03,ASSINATURA STREAMING,2026-04-26T12:35:00.000Z,100002,ANA SILVA,DEPENDENTE,2023-04-15T14:20:00.000Z
Ana,Silva,28,-327.12,SERVICO ONLINE,2026-04-27T23:25:00.000Z,100002,ANA SILVA,DEPENDENTE,2023-04-15T14:20:00.000Z
Ana,Silva,28,-1198.21,ACADEMIA,2026-04-29T06:34:00.000Z,100002,ANA SILVA,DEPENDENTE,2023-04-15T14:20:00.000Z
Ana,Silva,28,-574.30,PADARIA,2026-04-30T13:43:00.000Z,100002,ANA SILVA,DEPENDENTE,2023-04-15T14:20:00.000Z
Ana,Silva,28,-1445.39,DELIVERY,2026-05-02T00:33:00.000Z,100002,ANA SILVA,DEPENDENTE,2023-04-15T14:20:00.000Z
Ana,Silva,28,-821.48,CAFETERIA,2026-05-03T07:42:00.000Z,100002,ANA SILVA,DEPENDENTE,2023-04-15T14:20:00.000Z
Ana,Silva,28,-197.57,POSTO COMBUSTIVEL,2026-05-04T14:51:00.000Z,100002,ANA SILVA,DEPENDENTE,2023-04-15T14:20:00.000Z
Ana,Silva,28,-1068.66,COMPRA SUPERMERCADO,2026-05-06T01:41:00.000Z,100002,ANA SILVA,DEPENDENTE,2023-04-15T14:20:00.000Z
Ana,Silva,28,-444.75,LOJA DE DEPARTAMENTO,2026-05-07T08:50:00.000Z,100002,ANA SILVA,DEPENDENTE,2023-04-15T14:20:00.000Z
Ana,Silva,28,-1315.84,LIVRARIA,2026-05-08T19:40:00.000Z,100002,ANA SILVA,DEPENDENTE,2023-04-15T14:20:00.000Z
Ana,Silva,28,-691.93,TRANSPORTE APLICATIVO,2026-05-10T02:49:00.000Z,100002,ANA SILVA,DEPENDENTE,2023-04-15T14:20:00.000Z
Ana,Silva,28,-68.02,COMPRA VESTUARIO,2026-05-11T09:58:00.000Z,100002,ANA SILVA,DEPENDENTE,2023-04-15T14:20:00.000Z
Ana,Silva,28,-939.11,COMPRA ELETRONICOS,2026-05-12T20:48:00.000Z,100002,ANA SILVA,DEPENDENTE,2023-04-15T14:20:00.000Z
Ana,Silva,28,-315.20,COMPRA FARMACIA,2026-05-14T03:57:00.000Z,100002,ANA SILVA,DEPENDENTE,2023-04-15T14:20:00.000Z
Ana,Silva,28,-1186.29,CINEMA,2026-05-15T11:06:00.000Z,100002,ANA SILVA,DEPENDENTE,2023-04-15T14:20:00.000Z
Ana,Silva,28,-562.38,PET SHOP,2026-05-16T21:56:00.000Z,100002,ANA SILVA,DEPENDENTE,2023-04-15T14:20:00.000Z
Ana,Silva,28,-1433.47,ESTACIONAMENTO,2026-05-18T05:05:00.000Z,100002,ANA SILVA,DEPENDENTE,2023-04-15T14:20:00.000Z
Ana,Silva,28,-809.56,COMPRA ECOMMERCE,2026-05-19T12:14:00.000Z,100002,ANA SILVA,DEPENDENTE,2023-04-15T14:20:00.000Z
Ana,Silva,28,-185.65,ASSINATURA SOFTWARE,2026-05-20T23:04:00.000Z,100002,ANA SILVA,DEPENDENTE,2023-04-15T14:20:00.000Z
Ana,Silva,28,-1056.74,RESTAURANTE,2026-05-22T06:13:00.000Z,100002,ANA SILVA,DEPENDENTE,2023-04-15T14:20:00.000Z
Ana,Silva,28,-432.83,ASSINATURA STREAMING,2026-05-23T13:22:00.000Z,100002,ANA SILVA,DEPENDENTE,2023-04-15T14:20:00.000Z
Ana,Silva,28,-1303.92,SERVICO ONLINE,2026-05-25T00:12:00.000Z,100002,ANA SILVA,DEPENDENTE,2023-04-15T14:20:00.000Z
Ana,Silva,28,-680.01,ACADEMIA,2026-05-26T07:21:00.000Z,100002,ANA SILVA,DEPENDENTE,2023-04-15T14:20:00.000Z
Ana,Silva,28,-56.10,PADARIA,2026-05-27T14:30:00.000Z,100002,ANA SILVA,DEPENDENTE,2023-04-15T14:20:00.000Z
Ana,Silva,28,-927.19,DELIVERY,2026-05-29T01:20:00.000Z,100002,ANA SILVA,DEPENDENTE,2023-04-15T14:20:00.000Z
Ana,Silva,28,-303.28,CAFETERIA,2026-05-30T08:29:00.000Z,100002,ANA SILVA,DEPENDENTE,2023-04-15T14:20:00.000Z
Ana,Silva,28,-1174.37,POSTO COMBUSTIVEL,2026-05-31T19:19:00.000Z,100002,ANA SILVA,DEPENDENTE,2023-04-15T14:20:00.000Z
Ana,Silva,28,-550.46,COMPRA SUPERMERCADO,2026-06-02T02:28:00.000Z,100002,ANA SILVA,DEPENDENTE,2023-04-15T14:20:00.000Z
Ana,Silva,28,-1421.55,LOJA DE DEPARTAMENTO,2026-06-03T09:37:00.000Z,100002,ANA SILVA,DEPENDENTE,2023-04-15T14:20:00.000Z
Ana,Silva,28,-797.64,LIVRARIA,2026-06-04T20:27:00.000Z,100002,ANA SILVA,DEPENDENTE,2023-04-15T14:20:00.000Z
Ana,Silva,28,-173.73,TRANSPORTE APLICATIVO,2026-06-06T03:36:00.000Z,100002,ANA SILVA,DEPENDENTE,2023-04-15T14:20:00.000Z
Ana,Silva,28,-1044.82,COMPRA VESTUARIO,2026-06-07T10:45:00.000Z,100002,ANA SILVA,DEPENDENTE,2023-04-15T14:20:00.000Z
Ana,Silva,28,-420.91,COMPRA ELETRONICOS,2026-06-08T21:35:00.000Z,100002,ANA SILVA,DEPENDENTE,2023-04-15T14:20:00.000Z
Ana,Silva,28,-1292.00,COMPRA FARMACIA,2026-06-10T04:44:00.000Z,100002,ANA SILVA,DEPENDENTE,2023-04-15T14:20:00.000Z
Ana,Silva,28,-668.09,CINEMA,2026-06-11T11:53:00.000Z,100002,ANA SILVA,DEPENDENTE,2023-04-15T14:20:00.000Z
Ana,Silva,28,-44.18,PET SHOP,2026-06-12T22:43:00.000Z,100002,ANA SILVA,DEPENDENTE,2023-04-15T14:20:00.000Z
Ana,Silva,28,-915.27,ESTACIONAMENTO,2026-06-14T05:52:00.000Z,100002,ANA SILVA,DEPENDENTE,2023-04-15T14:20:00.000Z
Ana,Silva,28,-291.36,COMPRA ECOMMERCE,2026-06-15T13:01:00.000Z,100002,ANA SILVA,DEPENDENTE,2023-04-15T14:20:00.000Z
Ana,Silva,28,-1162.45,ASSINATURA SOFTWARE,2026-06-16T23:51:00.000Z,100002,ANA SILVA,DEPENDENTE,2023-04-15T14:20:00.000Z
Ana,Silva,28,-538.54,RESTAURANTE,2026-06-18T07:00:00.000Z,100002,ANA SILVA,DEPENDENTE,2023-04-15T14:20:00.000Z
Ana,Silva,28,-1409.63,ASSINATURA STREAMING,2026-06-19T14:09:00.000Z,100002,ANA SILVA,DEPENDENTE,2023-04-15T14:20:00.000Z
Ana,Silva,28,-785.72,SERVICO ONLINE,2026-06-21T00:59:00.000Z,100002,ANA SILVA,DEPENDENTE,2023-04-15T14:20:00.000Z
Ana,Silva,28,-161.81,ACADEMIA,2026-06-22T08:08:00.000Z,100002,ANA SILVA,DEPENDENTE,2023-04-15T14:20:00.000Z
Ana,Silva,28,-1032.90,PADARIA,2026-06-23T18:58:00.000Z,100002,ANA SILVA,DEPENDENTE,2023-04-15T14:20:00.000Z
Ana,Silva,28,-408.99,DELIVERY,2026-06-25T02:07:00.000Z,100002,ANA SILVA,DEPENDENTE,2023-04-15T14:20:00.000Z
Ana,Silva,28,-1280.08,CAFETERIA,2026-06-26T09:16:00.000Z,100002,ANA SILVA,DEPENDENTE,2023-04-15T14:20:00.000Z
Ana,Silva,28,-656.17,POSTO COMBUSTIVEL,2026-06-27T20:06:00.000Z,100002,ANA SILVA,DEPENDENTE,2023-04-15T14:20:00.000Z
Ana,Silva,28,-32.26,COMPRA SUPERMERCADO,2026-06-29T03:15:00.000Z,100002,ANA SILVA,DEPENDENTE,2023-04-15T14:20:00.000Z
Ana,Silva,28,-903.35,LOJA DE DEPARTAMENTO,2026-06-30T10:24:00.000Z,100002,ANA SILVA,DEPENDENTE,2023-04-15T14:20:00.000Z
Ana,Silva,28,-279.44,LIVRARIA,2026-07-01T21:14:00.000Z,100002,ANA SILVA,DEPENDENTE,2023-04-15T14:20:00.000Z
Ana,Silva,28,-1150.53,TRANSPORTE APLICATIVO,2026-07-03T04:23:00.000Z,100002,ANA SILVA,DEPENDENTE,2023-04-15T14:20:00.000Z
Ana,Silva,28,-526.62,COMPRA VESTUARIO,2026-07-04T11:32:00.000Z,100002,ANA SILVA,DEPENDENTE,2023-04-15T14:20:00.000Z
Ana,Silva,28,-1397.71,COMPRA ELETRONICOS,2026-07-05T22:22:00.000Z,100002,ANA SILVA,DEPENDENTE,2023-04-15T14:20:00.000Z
Ana,Silva,28,-773.80,COMPRA FARMACIA,2026-07-07T05:31:00.000Z,100002,ANA SILVA,DEPENDENTE,2023-04-15T14:20:00.000Z
Ana,Silva,28,-149.89,CINEMA,2026-07-08T12:40:00.000Z,100002,ANA SILVA,DEPENDENTE,2023-04-15T14:20:00.000Z
Ana,Silva,28,-1020.98,PET SHOP,2026-07-09T23:30:00.000Z,100002,ANA SILVA,DEPENDENTE,2023-04-15T14:20:00.000Z
Ana,Silva,28,-397.07,ESTACIONAMENTO,2026-07-11T06:39:00.000Z,100002,ANA SILVA,DEPENDENTE,2023-04-15T14:20:00.000Z
Ana,Silva,28,-1268.16,COMPRA ECOMMERCE,2026-07-12T13:48:00.000Z,100002,ANA SILVA,DEPENDENTE,2023-04-15T14:20:00.000Z
Ana,Silva,28,-644.25,ASSINATURA SOFTWARE,2026-07-14T00:38:00.000Z,100002,ANA SILVA,DEPENDENTE,2023-04-15T14:20:00.000Z
Ana,Silva,28,-20.34,RESTAURANTE,2026-07-15T07:47:00.000Z,100002,ANA SILVA,DEPENDENTE,2023-04-15T14:20:00.000Z
Ana,Silva,28,-891.43,ASSINATURA STREAMING,2026-07-16T18:37:00.000Z,100002,ANA SILVA,DEPENDENTE,2023-04-15T14:20:00.000Z
Ana,Silva,28,-267.52,SERVICO ONLINE,2026-07-18T01:46:00.000Z,100002,ANA SILVA,DEPENDENTE,2023-04-15T14:20:00.000Z
Ana,Silva,28,-1138.61,ACADEMIA,2026-07-19T08:55:00.000Z,100002,ANA SILVA,DEPENDENTE,2023-04-15T14:20:00.000Z
Ana,Silva,28,-514.70,PADARIA,2026-07-20T19:45:00.000Z,100002,ANA SILVA,DEPENDENTE,2023-04-15T14:20:00.000Z
Ana,Silva,28,-1385.79,DELIVERY,2026-07-22T02:54:00.000Z,100002,ANA SILVA,DEPENDENTE,2023-04-15T14:20:00.000Z
Ana,Silva,28,-761.88,CAFETERIA,2026-07-23T10:03:00.000Z,100002,ANA SILVA,DEPENDENTE,2023-04-15T14:20:00.000Z
Ana,Silva,28,-137.97,POSTO COMBUSTIVEL,2026-07-24T20:53:00.000Z,100002,ANA SILVA,DEPENDENTE,2023-04-15T14:20:00.000Z
Ana,Silva,28,-1009.06,COMPRA SUPERMERCADO,2026-07-26T04:02:00.000Z,100002,ANA SILVA,DEPENDENTE,2023-04-15T14:20:00.000Z
Ana,Silva,28,-385.15,LOJA DE DEPARTAMENTO,2026-07-27T11:11:00.000Z,100002,ANA SILVA,DEPENDENTE,2023-04-15T14:20:00.000Z
Ana,Silva,28,-1256.24,LIVRARIA,2026-07-28T22:01:00.000Z,100002,ANA SILVA,DEPENDENTE,2023-04-15T14:20:00.000Z
Ana,Silva,28,-632.33,TRANSPORTE APLICATIVO,2026-07-30T05:10:00.000Z,100002,ANA SILVA,DEPENDENTE,2023-04-15T14:20:00.000Z
Ana,Silva,28,-8.42,COMPRA VESTUARIO,2026-07-31T12:19:00.000Z,100002,ANA SILVA,DEPENDENTE,2023-04-15T14:20:00.000Z
Ana,Silva,28,-879.51,COMPRA ELETRONICOS,2026-08-01T23:09:00.000Z,100002,ANA SILVA,DEPENDENTE,2023-04-15T14:20:00.000Z
Ana,Silva,28,-255.60,COMPRA FARMACIA,2026-08-03T06:18:00.000Z,100002,ANA SILVA,DEPENDENTE,2023-04-15T14:20:00.000Z
Ana,Silva,28,-1126.69,CINEMA,2026-08-04T13:27:00.000Z,100002,ANA SILVA,DEPENDENTE,2023-04-15T14:20:00.000Z
Ana,Silva,28,-502.78,PET SHOP,2026-08-06T00:17:00.000Z,100002,ANA SILVA,DEPENDENTE,2023-04-15T14:20:00.000Z
Ana,Silva,28,-1373.87,ESTACIONAMENTO,2026-08-07T07:26:00.000Z,100002,ANA SILVA,DEPENDENTE,2023-04-15T14:20:00.000Z
Ana,Silva,28,-749.96,COMPRA ECOMMERCE,2026-08-08T18:16:00.000Z,100002,ANA SILVA,DEPENDENTE,2023-04-15T14:20:00.000Z
Ana,Silva,28,-126.05,ASSINATURA SOFTWARE,2026-08-10T01:25:00.000Z,100002,ANA SILVA,DEPENDENTE,2023-04-15T14:20:00.000Z
Ana,Silva,28,-997.14,RESTAURANTE,2026-08-11T08:34:00.000Z,100002,ANA SILVA,DEPENDENTE,2023-04-15T14:20:00.000Z
Ana,Silva,28,-373.23,ASSINATURA STREAMING,2026-08-12T19:24:00.000Z,100002,ANA SILVA,DEPENDENTE,2023-04-15T14:20:00.000Z
Ana,Silva,28,-1244.32,SERVICO ONLINE,2026-08-14T02:33:00.000Z,100002,ANA SILVA,DEPENDENTE,2023-04-15T14:20:00.000Z
Ana,Silva,28,-620.41,ACADEMIA,2026-08-15T09:42:00.000Z,100002,ANA SILVA,DEPENDENTE,2023-04-15T14:20:00.000Z
Ana,Silva,28,-1491.50,PADARIA,2026-08-16T20:32:00.000Z,100002,ANA SILVA,DEPENDENTE,2023-04-15T14:20:00.000Z
Ana,Silva,28,-867.59,DELIVERY,2026-08-18T03:41:00.000Z,100002,ANA SILVA,DEPENDENTE,2023-04-15T14:20:00.000Z
Ana,Silva,28,-243.68,CAFETERIA,2026-08-19T10:50:00.000Z,100002,ANA SILVA,DEPENDENTE,2023-04-15T14:20:00.000Z
Ana,Silva,28,-1114.77,POSTO COMBUSTIVEL,2026-08-20T21:40:00.000Z,100002,ANA SILVA,DEPENDENTE,2023-04-15T14:20:00.000Z
Ana,Silva,28,-490.86,COMPRA SUPERMERCADO,2026-08-22T04:49:00.000Z,100002,ANA SILVA,DEPENDENTE,2023-04-15T14:20:00.000Z
Ana,Silva,28,-1361.95,LOJA DE DEPARTAMENTO,2026-08-23T11:58:00.000Z,100002,ANA SILVA,DEPENDENTE,2023-04-15T14:20:00.000Z
Ana,Silva,28,-738.04,LIVRARIA,2026-08-24T22:48:00.000Z,100002,ANA SILVA,DEPENDENTE,2023-04-15T14:20:00.000Z
Ana,Silva,28,-114.13,TRANSPORTE APLICATIVO,2026-08-26T05:57:00.000Z,100002,ANA SILVA,DEPENDENTE,2023-04-15T14:20:00.000Z
Ana,Silva,28,-985.22,COMPRA VESTUARIO,2026-08-27T13:06:00.000Z,100002,ANA SILVA,DEPENDENTE,2023-04-15T14:20:00.000Z
Ana,Silva,28,-361.31,COMPRA ELETRONICOS,2026-08-28T23:56:00.000Z,100002,ANA SILVA,DEPENDENTE,2023-04-15T14:20:00.000Z
Ana,Silva,28,-1232.40,COMPRA FARMACIA,2026-08-30T07:05:00.000Z,100002,ANA SILVA,DEPENDENTE,2023-04-15T14:20:00.000Z
Ana,Silva,28,-608.49,CINEMA,2026-08-31T17:55:00.000Z,100002,ANA SILVA,DEPENDENTE,2023-04-15T14:20:00.000Z
Ana,Silva,28,-1479.58,PET SHOP,2026-09-02T01:04:00.000Z,100002,ANA SILVA,DEPENDENTE,2023-04-15T14:20:00.000Z
Ana,Silva,28,-855.67,ESTACIONAMENTO,2026-09-03T08:13:00.000Z,100002,ANA SILVA,DEPENDENTE,2023-04-15T14:20:00.000Z
Bruno,Santos,35,-242.57,RESTAURANTE,2026-01-01T17:30:00.000Z,100003,BRUNO SANTOS,TITULAR,2021-08-22T10:15:00.000Z
Bruno,Santos,35,-1113.66,ASSINATURA STREAMING,2026-01-03T04:20:00.000Z,100003,BRUNO SANTOS,TITULAR,2021-08-22T10:15:00.000Z
Bruno,Santos,35,-489.75,SERVICO ONLINE,2026-01-04T11:29:00.000Z,100003,BRUNO SANTOS,TITULAR,2021-08-22T10:15:00.000Z
Bruno,Santos,35,-1360.84,ACADEMIA,2026-01-05T18:38:00.000Z,100003,BRUNO SANTOS,TITULAR,2021-08-22T10:15:00.000Z
Bruno,Santos,35,-736.93,PADARIA,2026-01-07T05:28:00.000Z,100003,BRUNO SANTOS,TITULAR,2021-08-22T10:15:00.000Z
Bruno,Santos,35,-113.02,DELIVERY,2026-01-08T12:37:00.000Z,100003,BRUNO SANTOS,TITULAR,2021-08-22T10:15:00.000Z
Bruno,Santos,35,-984.11,CAFETERIA,2026-01-09T19:46:00.000Z,100003,BRUNO SANTOS,TITULAR,2021-08-22T10:15:00.000Z
Bruno,Santos,35,-360.20,POSTO COMBUSTIVEL,2026-01-11T06:36:00.000Z,100003,BRUNO SANTOS,TITULAR,2021-08-22T10:15:00.000Z
Bruno,Santos,35,-1231.29,COMPRA SUPERMERCADO,2026-01-12T13:45:00.000Z,100003,BRUNO SANTOS,TITULAR,2021-08-22T10:15:00.000Z
Bruno,Santos,35,-607.38,LOJA DE DEPARTAMENTO,2026-01-13T20:54:00.000Z,100003,BRUNO SANTOS,TITULAR,2021-08-22T10:15:00.000Z
Bruno,Santos,35,-1478.47,LIVRARIA,2026-01-15T07:44:00.000Z,100003,BRUNO SANTOS,TITULAR,2021-08-22T10:15:00.000Z
Bruno,Santos,35,-854.56,TRANSPORTE APLICATIVO,2026-01-16T14:53:00.000Z,100003,BRUNO SANTOS,TITULAR,2021-08-22T10:15:00.000Z
Bruno,Santos,35,-230.65,COMPRA VESTUARIO,2026-01-18T01:43:00.000Z,100003,BRUNO SANTOS,TITULAR,2021-08-22T10:15:00.000Z
Bruno,Santos,35,-1101.74,COMPRA ELETRONICOS,2026-01-19T08:52:00.000Z,100003,BRUNO SANTOS,TITULAR,2021-08-22T10:15:00.000Z
Bruno,Santos,35,-477.83,COMPRA FARMACIA,2026-01-20T16:01:00.000Z,100003,BRUNO SANTOS,TITULAR,2021-08-22T10:15:00.000Z
Bruno,Santos,35,-1348.92,CINEMA,2026-01-22T02:51:00.000Z,100003,BRUNO SANTOS,TITULAR,2021-08-22T10:15:00.000Z
Bruno,Santos,35,-725.01,PET SHOP,2026-01-23T10:00:00.000Z,100003,BRUNO SANTOS,TITULAR,2021-08-22T10:15:00.000Z
Bruno,Santos,35,-101.10,ESTACIONAMENTO,2026-01-24T17:09:00.000Z,100003,BRUNO SANTOS,TITULAR,2021-08-22T10:15:00.000Z
Bruno,Santos,35,-972.19,COMPRA ECOMMERCE,2026-01-26T03:59:00.000Z,100003,BRUNO SANTOS,TITULAR,2021-08-22T10:15:00.000Z
Bruno,Santos,35,-348.28,ASSINATURA SOFTWARE,2026-01-27T11:08:00.000Z,100003,BRUNO SANTOS,TITULAR,2021-08-22T10:15:00.000Z
Bruno,Santos,35,-1219.37,RESTAURANTE,2026-01-28T18:17:00.000Z,100003,BRUNO SANTOS,TITULAR,2021-08-22T10:15:00.000Z
Bruno,Santos,35,-595.46,ASSINATURA STREAMING,2026-01-30T05:07:00.000Z,100003,BRUNO SANTOS,TITULAR,2021-08-22T10:15:00.000Z
Bruno,Santos,35,-1466.55,SERVICO ONLINE,2026-01-31T12:16:00.000Z,100003,BRUNO SANTOS,TITULAR,2021-08-22T10:15:00.000Z
Bruno,Santos,35,-842.64,ACADEMIA,2026-02-01T19:25:00.000Z,100003,BRUNO SANTOS,TITULAR,2021-08-22T10:15:00.000Z
Bruno,Santos,35,-218.73,PADARIA,2026-02-03T06:15:00.000Z,100003,BRUNO SANTOS,TITULAR,2021-08-22T10:15:00.000Z
Bruno,Santos,35,-1089.82,DELIVERY,2026-02-04T13:24:00.000Z,100003,BRUNO SANTOS,TITULAR,2021-08-22T10:15:00.000Z
Bruno,Santos,35,-465.91,CAFETERIA,2026-02-05T20:33:00.000Z,100003,BRUNO SANTOS,TITULAR,2021-08-22T10:15:00.000Z
Bruno,Santos,35,-1337.00,POSTO COMBUSTIVEL,2026-02-07T07:23:00.000Z,100003,BRUNO SANTOS,TITULAR,2021-08-22T10:15:00.000Z
Bruno,Santos,35,-713.09,COMPRA SUPERMERCADO,2026-02-08T14:32:00.000Z,100003,BRUNO SANTOS,TITULAR,2021-08-22T10:15:00.000Z
Bruno,Santos,35,-89.18,LOJA DE DEPARTAMENTO,2026-02-10T01:22:00.000Z,100003,BRUNO SANTOS,TITULAR,2021-08-22T10:15:00.000Z
Bruno,Santos,35,-960.27,LIVRARIA,2026-02-11T08:31:00.000Z,100003,BRUNO SANTOS,TITULAR,2021-08-22T10:15:00.000Z
Bruno,Santos,35,-336.36,TRANSPORTE APLICATIVO,2026-02-12T15:40:00.000Z,100003,BRUNO SANTOS,TITULAR,2021-08-22T10:15:00.000Z
Bruno,Santos,35,-1207.45,COMPRA VESTUARIO,2026-02-14T02:30:00.000Z,100003,BRUNO SANTOS,TITULAR,2021-08-22T10:15:00.000Z
Bruno,Santos,35,-583.54,COMPRA ELETRONICOS,2026-02-15T09:39:00.000Z,100003,BRUNO SANTOS,TITULAR,2021-08-22T10:15:00.000Z
Bruno,Santos,35,-1454.63,COMPRA FARMACIA,2026-02-16T16:48:00.000Z,100003,BRUNO SANTOS,TITULAR,2021-08-22T10:15:00.000Z
Bruno,Santos,35,-830.72,CINEMA,2026-02-18T03:38:00.000Z,100003,BRUNO SANTOS,TITULAR,2021-08-22T10:15:00.000Z
Bruno,Santos,35,-206.81,PET SHOP,2026-02-19T10:47:00.000Z,100003,BRUNO SANTOS,TITULAR,2021-08-22T10:15:00.000Z
Bruno,Santos,35,-1077.90,ESTACIONAMENTO,2026-02-20T17:56:00.000Z,100003,BRUNO SANTOS,TITULAR,2021-08-22T10:15:00.000Z
Bruno,Santos,35,-453.99,COMPRA ECOMMERCE,2026-02-22T04:46:00.000Z,100003,BRUNO SANTOS,TITULAR,2021-08-22T10:15:00.000Z
Bruno,Santos,35,-1325.08,ASSINATURA SOFTWARE,2026-02-23T11:55:00.000Z,100003,BRUNO SANTOS,TITULAR,2021-08-22T10:15:00.000Z
Bruno,Santos,35,-701.17,RESTAURANTE,2026-02-24T19:04:00.000Z,100003,BRUNO SANTOS,TITULAR,2021-08-22T10:15:00.000Z
Bruno,Santos,35,-77.26,ASSINATURA STREAMING,2026-02-26T05:54:00.000Z,100003,BRUNO SANTOS,TITULAR,2021-08-22T10:15:00.000Z
Bruno,Santos,35,-948.35,SERVICO ONLINE,2026-02-27T13:03:00.000Z,100003,BRUNO SANTOS,TITULAR,2021-08-22T10:15:00.000Z
Bruno,Santos,35,-324.44,ACADEMIA,2026-02-28T20:12:00.000Z,100003,BRUNO SANTOS,TITULAR,2021-08-22T10:15:00.000Z
Bruno,Santos,35,-1195.53,PADARIA,2026-03-02T07:02:00.000Z,100003,BRUNO SANTOS,TITULAR,2021-08-22T10:15:00.000Z
Bruno,Santos,35,-571.62,DELIVERY,2026-03-03T14:11:00.000Z,100003,BRUNO SANTOS,TITULAR,2021-08-22T10:15:00.000Z
Bruno,Santos,35,-1442.71,CAFETERIA,2026-03-05T01:01:00.000Z,100003,BRUNO SANTOS,TITULAR,2021-08-22T10:15:00.000Z
Bruno,Santos,35,-818.80,POSTO COMBUSTIVEL,2026-03-06T08:10:00.000Z,100003,BRUNO SANTOS,TITULAR,2021-08-22T10:15:00.000Z
Bruno,Santos,35,-194.89,COMPRA SUPERMERCADO,2026-03-07T15:19:00.000Z,100003,BRUNO SANTOS,TITULAR,2021-08-22T10:15:00.000Z
Bruno,Santos,35,-1065.98,LOJA DE DEPARTAMENTO,2026-03-09T02:09:00.000Z,100003,BRUNO SANTOS,TITULAR,2021-08-22T10:15:00.000Z
Bruno,Santos,35,-442.07,LIVRARIA,2026-03-10T09:18:00.000Z,100003,BRUNO SANTOS,TITULAR,2021-08-22T10:15:00.000Z
Bruno,Santos,35,-1313.16,TRANSPORTE APLICATIVO,2026-03-11T16:27:00.000Z,100003,BRUNO SANTOS,TITULAR,2021-08-22T10:15:00.000Z
Bruno,Santos,35,-689.25,COMPRA VESTUARIO,2026-03-13T03:17:00.000Z,100003,BRUNO SANTOS,TITULAR,2021-08-22T10:15:00.000Z
Bruno,Santos,35,-65.34,COMPRA ELETRONICOS,2026-03-14T10:26:00.000Z,100003,BRUNO SANTOS,TITULAR,2021-08-22T10:15:00.000Z
Bruno,Santos,35,-936.43,COMPRA FARMACIA,2026-03-15T17:35:00.000Z,100003,BRUNO SANTOS,TITULAR,2021-08-22T10:15:00.000Z
Bruno,Santos,35,-312.52,CINEMA,2026-03-17T04:25:00.000Z,100003,BRUNO SANTOS,TITULAR,2021-08-22T10:15:00.000Z
Bruno,Santos,35,-1183.61,PET SHOP,2026-03-18T11:34:00.000Z,100003,BRUNO SANTOS,TITULAR,2021-08-22T10:15:00.000Z
Bruno,Santos,35,-559.70,ESTACIONAMENTO,2026-03-19T18:43:00.000Z,100003,BRUNO SANTOS,TITULAR,2021-08-22T10:15:00.000Z
Bruno,Santos,35,-1430.79,COMPRA ECOMMERCE,2026-03-21T05:33:00.000Z,100003,BRUNO SANTOS,TITULAR,2021-08-22T10:15:00.000Z
Bruno,Santos,35,-806.88,ASSINATURA SOFTWARE,2026-03-22T12:42:00.000Z,100003,BRUNO SANTOS,TITULAR,2021-08-22T10:15:00.000Z
Bruno,Santos,35,-182.97,RESTAURANTE,2026-03-23T19:51:00.000Z,100003,BRUNO SANTOS,TITULAR,2021-08-22T10:15:00.000Z
Bruno,Santos,35,-1054.06,ASSINATURA STREAMING,2026-03-25T06:41:00.000Z,100003,BRUNO SANTOS,TITULAR,2021-08-22T10:15:00.000Z
Bruno,Santos,35,-430.15,SERVICO ONLINE,2026-03-26T13:50:00.000Z,100003,BRUNO SANTOS,TITULAR,2021-08-22T10:15:00.000Z
Bruno,Santos,35,-1301.24,ACADEMIA,2026-03-28T00:40:00.000Z,100003,BRUNO SANTOS,TITULAR,2021-08-22T10:15:00.000Z
Bruno,Santos,35,-677.33,PADARIA,2026-03-29T07:49:00.000Z,100003,BRUNO SANTOS,TITULAR,2021-08-22T10:15:00.000Z
Bruno,Santos,35,-53.42,DELIVERY,2026-03-30T14:58:00.000Z,100003,BRUNO SANTOS,TITULAR,2021-08-22T10:15:00.000Z
Bruno,Santos,35,-924.51,CAFETERIA,2026-04-01T01:48:00.000Z,100003,BRUNO SANTOS,TITULAR,2021-08-22T10:15:00.000Z
Bruno,Santos,35,-300.60,POSTO COMBUSTIVEL,2026-04-02T08:57:00.000Z,100003,BRUNO SANTOS,TITULAR,2021-08-22T10:15:00.000Z
Bruno,Santos,35,-1171.69,COMPRA SUPERMERCADO,2026-04-03T16:06:00.000Z,100003,BRUNO SANTOS,TITULAR,2021-08-22T10:15:00.000Z
Bruno,Santos,35,-547.78,LOJA DE DEPARTAMENTO,2026-04-05T02:56:00.000Z,100003,BRUNO SANTOS,TITULAR,2021-08-22T10:15:00.000Z
Bruno,Santos,35,-1418.87,LIVRARIA,2026-04-06T10:05:00.000Z,100003,BRUNO SANTOS,TITULAR,2021-08-22T10:15:00.000Z
Bruno,Santos,35,-794.96,TRANSPORTE APLICATIVO,2026-04-07T17:14:00.000Z,100003,BRUNO SANTOS,TITULAR,2021-08-22T10:15:00.000Z
Bruno,Santos,35,-171.05,COMPRA VESTUARIO,2026-04-09T04:04:00.000Z,100003,BRUNO SANTOS,TITULAR,2021-08-22T10:15:00.000Z
Bruno,Santos,35,-1042.14,COMPRA ELETRONICOS,2026-04-10T11:13:00.000Z,100003,BRUNO SANTOS,TITULAR,2021-08-22T10:15:00.000Z
Bruno,Santos,35,-418.23,COMPRA FARMACIA,2026-04-11T18:22:00.000Z,100003,BRUNO SANTOS,TITULAR,2021-08-22T10:15:00.000Z
Bruno,Santos,35,-1289.32,CINEMA,2026-04-13T05:12:00.000Z,100003,BRUNO SANTOS,TITULAR,2021-08-22T10:15:00.000Z
Bruno,Santos,35,-665.41,PET SHOP,2026-04-14T12:21:00.000Z,100003,BRUNO SANTOS,TITULAR,2021-08-22T10:15:00.000Z
Bruno,Santos,35,-41.50,ESTACIONAMENTO,2026-04-15T19:30:00.000Z,100003,BRUNO SANTOS,TITULAR,2021-08-22T10:15:00.000Z
Bruno,Santos,35,-912.59,COMPRA ECOMMERCE,2026-04-17T06:20:00.000Z,100003,BRUNO SANTOS,TITULAR,2021-08-22T10:15:00.000Z
Bruno,Santos,35,-288.68,ASSINATURA SOFTWARE,2026-04-18T13:29:00.000Z,100003,BRUNO SANTOS,TITULAR,2021-08-22T10:15:00.000Z
Bruno,Santos,35,-1159.77,RESTAURANTE,2026-04-20T00:19:00.000Z,100003,BRUNO SANTOS,TITULAR,2021-08-22T10:15:00.000Z
Bruno,Santos,35,-535.86,ASSINATURA STREAMING,2026-04-21T07:28:00.000Z,100003,BRUNO SANTOS,TITULAR,2021-08-22T10:15:00.000Z
Bruno,Santos,35,-1406.95,SERVICO ONLINE,2026-04-22T14:37:00.000Z,100003,BRUNO SANTOS,TITULAR,2021-08-22T10:15:00.000Z
Bruno,Santos,35,-783.04,ACADEMIA,2026-04-24T01:27:00.000Z,100003,BRUNO SANTOS,TITULAR,2021-08-22T10:15:00.000Z
Bruno,Santos,35,-159.13,PADARIA,2026-04-25T08:36:00.000Z,100003,BRUNO SANTOS,TITULAR,2021-08-22T10:15:00.000Z
Bruno,Santos,35,-1030.22,DELIVERY,2026-04-26T15:45:00.000Z,100003,BRUNO SANTOS,TITULAR,2021-08-22T10:15:00.000Z
Bruno,Santos,35,-406.31,CAFETERIA,2026-04-28T02:35:00.000Z,100003,BRUNO SANTOS,TITULAR,2021-08-22T10:15:00.000Z
Bruno,Santos,35,-1277.40,POSTO COMBUSTIVEL,2026-04-29T09:44:00.000Z,100003,BRUNO SANTOS,TITULAR,2021-08-22T10:15:00.000Z
Bruno,Santos,35,-653.49,COMPRA SUPERMERCADO,2026-04-30T16:53:00.000Z,100003,BRUNO SANTOS,TITULAR,2021-08-22T10:15:00.000Z
Bruno,Santos,35,-29.58,LOJA DE DEPARTAMENTO,2026-05-02T03:43:00.000Z,100003,BRUNO SANTOS,TITULAR,2021-08-22T10:15:00.000Z
Bruno,Santos,35,-900.67,LIVRARIA,2026-05-03T10:52:00.000Z,100003,BRUNO SANTOS,TITULAR,2021-08-22T10:15:00.000Z
Bruno,Santos,35,-276.76,TRANSPORTE APLICATIVO,2026-05-04T18:01:00.000Z,100003,BRUNO SANTOS,TITULAR,2021-08-22T10:15:00.000Z
Bruno,Santos,35,-1147.85,COMPRA VESTUARIO,2026-05-06T04:51:00.000Z,100003,BRUNO SANTOS,TITULAR,2021-08-22T10:15:00.000Z
Bruno,Santos,35,-523.94,COMPRA ELETRONICOS,2026-05-07T12:00:00.000Z,100003,BRUNO SANTOS,TITULAR,2021-08-22T10:15:00.000Z
Bruno,Santos,35,-1395.03,COMPRA FARMACIA,2026-05-08T19:09:00.000Z,100003,BRUNO SANTOS,TITULAR,2021-08-22T10:15:00.000Z
Bruno,Santos,35,-771.12,CINEMA,2026-05-10T05:59:00.000Z,100003,BRUNO SANTOS,TITULAR,2021-08-22T10:15:00.000Z
Bruno,Santos,35,-147.21,PET SHOP,2026-05-11T13:08:00.000Z,100003,BRUNO SANTOS,TITULAR,2021-08-22T10:15:00.000Z
Bruno,Santos,35,-1018.30,ESTACIONAMENTO,2026-05-12T23:58:00.000Z,100003,BRUNO SANTOS,TITULAR,2021-08-22T10:15:00.000Z
Bruno,Santos,35,-394.39,COMPRA ECOMMERCE,2026-05-14T07:07:00.000Z,100003,BRUNO SANTOS,TITULAR,2021-08-22T10:15:00.000Z
Bruno,Santos,35,-1265.48,ASSINATURA SOFTWARE,2026-05-15T14:16:00.000Z,100003,BRUNO SANTOS,TITULAR,2021-08-22T10:15:00.000Z
Bruno,Santos,35,-641.57,RESTAURANTE,2026-05-17T01:06:00.000Z,100003,BRUNO SANTOS,TITULAR,2021-08-22T10:15:00.000Z
Bruno,Santos,35,-17.66,ASSINATURA STREAMING,2026-05-18T08:15:00.000Z,100003,BRUNO SANTOS,TITULAR,2021-08-22T10:15:00.000Z
Bruno,Santos,35,-888.75,SERVICO ONLINE,2026-05-19T15:24:00.000Z,100003,BRUNO SANTOS,TITULAR,2021-08-22T10:15:00.000Z
Bruno,Santos,35,-264.84,ACADEMIA,2026-05-21T02:14:00.000Z,100003,BRUNO SANTOS,TITULAR,2021-08-22T10:15:00.000Z
Bruno,Santos,35,-1135.93,PADARIA,2026-05-22T09:23:00.000Z,100003,BRUNO SANTOS,TITULAR,2021-08-22T10:15:00.000Z
Bruno,Santos,35,-512.02,DELIVERY,2026-05-23T16:32:00.000Z,100003,BRUNO SANTOS,TITULAR,2021-08-22T10:15:00.000Z
Bruno,Santos,35,-1383.11,CAFETERIA,2026-05-25T03:22:00.000Z,100003,BRUNO SANTOS,TITULAR,2021-08-22T10:15:00.000Z
Bruno,Santos,35,-759.20,POSTO COMBUSTIVEL,2026-05-26T10:31:00.000Z,100003,BRUNO SANTOS,TITULAR,2021-08-22T10:15:00.000Z
Bruno,Santos,35,-135.29,COMPRA SUPERMERCADO,2026-05-27T17:40:00.000Z,100003,BRUNO SANTOS,TITULAR,2021-08-22T10:15:00.000Z
Bruno,Santos,35,-1006.38,LOJA DE DEPARTAMENTO,2026-05-29T04:30:00.000Z,100003,BRUNO SANTOS,TITULAR,2021-08-22T10:15:00.000Z
Bruno,Santos,35,-382.47,LIVRARIA,2026-05-30T11:39:00.000Z,100003,BRUNO SANTOS,TITULAR,2021-08-22T10:15:00.000Z
Bruno,Santos,35,-1253.56,TRANSPORTE APLICATIVO,2026-05-31T18:48:00.000Z,100003,BRUNO SANTOS,TITULAR,2021-08-22T10:15:00.000Z
Bruno,Santos,35,-629.65,COMPRA VESTUARIO,2026-06-02T05:38:00.000Z,100003,BRUNO SANTOS,TITULAR,2021-08-22T10:15:00.000Z
Bruno,Santos,35,-5.74,COMPRA ELETRONICOS,2026-06-03T12:47:00.000Z,100003,BRUNO SANTOS,TITULAR,2021-08-22T10:15:00.000Z
Bruno,Santos,35,-876.83,COMPRA FARMACIA,2026-06-04T23:37:00.000Z,100003,BRUNO SANTOS,TITULAR,2021-08-22T10:15:00.000Z
Bruno,Santos,35,-252.92,CINEMA,2026-06-06T06:46:00.000Z,100003,BRUNO SANTOS,TITULAR,2021-08-22T10:15:00.000Z
Bruno,Santos,35,-1124.01,PET SHOP,2026-06-07T13:55:00.000Z,100003,BRUNO SANTOS,TITULAR,2021-08-22T10:15:00.000Z
Bruno,Santos,35,-500.10,ESTACIONAMENTO,2026-06-09T00:45:00.000Z,100003,BRUNO SANTOS,TITULAR,2021-08-22T10:15:00.000Z
Bruno,Santos,35,-1371.19,COMPRA ECOMMERCE,2026-06-10T07:54:00.000Z,100003,BRUNO SANTOS,TITULAR,2021-08-22T10:15:00.000Z
Bruno,Santos,35,-747.28,ASSINATURA SOFTWARE,2026-06-11T15:03:00.000Z,100003,BRUNO SANTOS,TITULAR,2021-08-22T10:15:00.000Z
Bruno,Santos,35,-123.37,RESTAURANTE,2026-06-13T01:53:00.000Z,100003,BRUNO SANTOS,TITULAR,2021-08-22T10:15:00.000Z
Bruno,Santos,35,-994.46,ASSINATURA STREAMING,2026-06-14T09:02:00.000Z,100003,BRUNO SANTOS,TITULAR,2021-08-22T10:15:00.000Z
Bruno,Santos,35,-370.55,SERVICO ONLINE,2026-06-15T16:11:00.000Z,100003,BRUNO SANTOS,TITULAR,2021-08-22T10:15:00.000Z
Bruno,Santos,35,-1241.64,ACADEMIA,2026-06-17T03:01:00.000Z,100003,BRUNO SANTOS,TITULAR,2021-08-22T10:15:00.000Z
Bruno,Santos,35,-617.73,PADARIA,2026-06-18T10:10:00.000Z,100003,BRUNO SANTOS,TITULAR,2021-08-22T10:15:00.000Z
Bruno,Santos,35,-1488.82,DELIVERY,2026-06-19T17:19:00.000Z,100003,BRUNO SANTOS,TITULAR,2021-08-22T10:15:00.000Z
Bruno,Santos,35,-864.91,CAFETERIA,2026-06-21T04:09:00.000Z,100003,BRUNO SANTOS,TITULAR,2021-08-22T10:15:00.000Z
Bruno,Santos,35,-241.00,POSTO COMBUSTIVEL,2026-06-22T11:18:00.000Z,100003,BRUNO SANTOS,TITULAR,2021-08-22T10:15:00.000Z
Bruno,Santos,35,-1112.09,COMPRA SUPERMERCADO,2026-06-23T18:27:00.000Z,100003,BRUNO SANTOS,TITULAR,2021-08-22T10:15:00.000Z
Bruno,Santos,35,-488.18,LOJA DE DEPARTAMENTO,2026-06-25T05:17:00.000Z,100003,BRUNO SANTOS,TITULAR,2021-08-22T10:15:00.000Z
Bruno,Santos,35,-1359.27,LIVRARIA,2026-06-26T12:26:00.000Z,100003,BRUNO SANTOS,TITULAR,2021-08-22T10:15:00.000Z
Bruno,Santos,35,-735.36,TRANSPORTE APLICATIVO,2026-06-27T23:16:00.000Z,100003,BRUNO SANTOS,TITULAR,2021-08-22T10:15:00.000Z
Bruno,Santos,35,-111.45,COMPRA VESTUARIO,2026-06-29T06:25:00.000Z,100003,BRUNO SANTOS,TITULAR,2021-08-22T10:15:00.000Z
Bruno,Santos,35,-982.54,COMPRA ELETRONICOS,2026-06-30T13:34:00.000Z,100003,BRUNO SANTOS,TITULAR,2021-08-22T10:15:00.000Z
Bruno,Santos,35,-358.63,COMPRA FARMACIA,2026-07-02T00:24:00.000Z,100003,BRUNO SANTOS,TITULAR,2021-08-22T10:15:00.000Z
Bruno,Santos,35,-1229.72,CINEMA,2026-07-03T07:33:00.000Z,100003,BRUNO SANTOS,TITULAR,2021-08-22T10:15:00.000Z
Bruno,Santos,35,-605.81,PET SHOP,2026-07-04T14:42:00.000Z,100003,BRUNO SANTOS,TITULAR,2021-08-22T10:15:00.000Z
Bruno,Santos,35,-1476.90,ESTACIONAMENTO,2026-07-06T01:32:00.000Z,100003,BRUNO SANTOS,TITULAR,2021-08-22T10:15:00.000Z
Bruno,Santos,35,-852.99,COMPRA ECOMMERCE,2026-07-07T08:41:00.000Z,100003,BRUNO SANTOS,TITULAR,2021-08-22T10:15:00.000Z
Bruno,Santos,35,-229.08,ASSINATURA SOFTWARE,2026-07-08T15:50:00.000Z,100003,BRUNO SANTOS,TITULAR,2021-08-22T10:15:00.000Z
Bruno,Santos,35,-1100.17,RESTAURANTE,2026-07-10T02:40:00.000Z,100003,BRUNO SANTOS,TITULAR,2021-08-22T10:15:00.000Z
Bruno,Santos,35,-476.26,ASSINATURA STREAMING,2026-07-11T09:49:00.000Z,100003,BRUNO SANTOS,TITULAR,2021-08-22T10:15:00.000Z
Bruno,Santos,35,-1347.35,SERVICO ONLINE,2026-07-12T16:58:00.000Z,100003,BRUNO SANTOS,TITULAR,2021-08-22T10:15:00.000Z
Bruno,Santos,35,-723.44,ACADEMIA,2026-07-14T03:48:00.000Z,100003,BRUNO SANTOS,TITULAR,2021-08-22T10:15:00.000Z
Bruno,Santos,35,-99.53,PADARIA,2026-07-15T10:57:00.000Z,100003,BRUNO SANTOS,TITULAR,2021-08-22T10:15:00.000Z
Bruno,Santos,35,-970.62,DELIVERY,2026-07-16T18:06:00.000Z,100003,BRUNO SANTOS,TITULAR,2021-08-22T10:15:00.000Z
Bruno,Santos,35,-346.71,CAFETERIA,2026-07-18T04:56:00.000Z,100003,BRUNO SANTOS,TITULAR,2021-08-22T10:15:00.000Z
Bruno,Santos,35,-1217.80,POSTO COMBUSTIVEL,2026-07-19T12:05:00.000Z,100003,BRUNO SANTOS,TITULAR,2021-08-22T10:15:00.000Z
Bruno,Santos,35,-593.89,COMPRA SUPERMERCADO,2026-07-20T22:55:00.000Z,100003,BRUNO SANTOS,TITULAR,2021-08-22T10:15:00.000Z
Bruno,Santos,35,-1464.98,LOJA DE DEPARTAMENTO,2026-07-22T06:04:00.000Z,100003,BRUNO SANTOS,TITULAR,2021-08-22T10:15:00.000Z
Bruno,Santos,35,-841.07,LIVRARIA,2026-07-23T13:13:00.000Z,100003,BRUNO SANTOS,TITULAR,2021-08-22T10:15:00.000Z
Bruno,Santos,35,-217.16,TRANSPORTE APLICATIVO,2026-07-25T00:03:00.000Z,100003,BRUNO SANTOS,TITULAR,2021-08-22T10:15:00.000Z
Bruno,Santos,35,-1088.25,COMPRA VESTUARIO,2026-07-26T07:12:00.000Z,100003,BRUNO SANTOS,TITULAR,2021-08-22T10:15:00.000Z
Bruno,Santos,35,-464.34,COMPRA ELETRONICOS,2026-07-27T14:21:00.000Z,100003,BRUNO SANTOS,TITULAR,2021-08-22T10:15:00.000Z
Bruno,Santos,35,-1335.43,COMPRA FARMACIA,2026-07-29T01:11:00.000Z,100003,BRUNO SANTOS,TITULAR,2021-08-22T10:15:00.000Z
Bruno,Santos,35,-711.52,CINEMA,2026-07-30T08:20:00.000Z,100003,BRUNO SANTOS,TITULAR,2021-08-22T10:15:00.000Z
Bruno,Santos,35,-87.61,PET SHOP,2026-07-31T15:29:00.000Z,100003,BRUNO SANTOS,TITULAR,2021-08-22T10:15:00.000Z
Bruno,Santos,35,-958.70,ESTACIONAMENTO,2026-08-02T02:19:00.000Z,100003,BRUNO SANTOS,TITULAR,2021-08-22T10:15:00.000Z
Bruno,Santos,35,-334.79,COMPRA ECOMMERCE,2026-08-03T09:28:00.000Z,100003,BRUNO SANTOS,TITULAR,2021-08-22T10:15:00.000Z
Bruno,Santos,35,-1205.88,ASSINATURA SOFTWARE,2026-08-04T16:37:00.000Z,100003,BRUNO SANTOS,TITULAR,2021-08-22T10:15:00.000Z
Bruno,Santos,35,-581.97,RESTAURANTE,2026-08-06T03:27:00.000Z,100003,BRUNO SANTOS,TITULAR,2021-08-22T10:15:00.000Z
Bruno,Santos,35,-1453.06,ASSINATURA STREAMING,2026-08-07T10:36:00.000Z,100003,BRUNO SANTOS,TITULAR,2021-08-22T10:15:00.000Z
Bruno,Santos,35,-829.15,SERVICO ONLINE,2026-08-08T17:45:00.000Z,100003,BRUNO SANTOS,TITULAR,2021-08-22T10:15:00.000Z
Bruno,Santos,35,-205.24,ACADEMIA,2026-08-10T04:35:00.000Z,100003,BRUNO SANTOS,TITULAR,2021-08-22T10:15:00.000Z
Bruno,Santos,35,-1076.33,PADARIA,2026-08-11T11:44:00.000Z,100003,BRUNO SANTOS,TITULAR,2021-08-22T10:15:00.000Z
Bruno,Santos,35,-452.42,DELIVERY,2026-08-12T22:34:00.000Z,100003,BRUNO SANTOS,TITULAR,2021-08-22T10:15:00.000Z
Bruno,Santos,35,-1323.51,CAFETERIA,2026-08-14T05:43:00.000Z,100003,BRUNO SANTOS,TITULAR,2021-08-22T10:15:00.000Z
Bruno,Santos,35,-699.60,POSTO COMBUSTIVEL,2026-08-15T12:52:00.000Z,100003,BRUNO SANTOS,TITULAR,2021-08-22T10:15:00.000Z
Bruno,Santos,35,-75.69,COMPRA SUPERMERCADO,2026-08-16T23:42:00.000Z,100003,BRUNO SANTOS,TITULAR,2021-08-22T10:15:00.000Z
Bruno,Santos,35,-946.78,LOJA DE DEPARTAMENTO,2026-08-18T06:51:00.000Z,100003,BRUNO SANTOS,TITULAR,2021-08-22T10:15:00.000Z
Bruno,Santos,35,-322.87,LIVRARIA,2026-08-19T14:00:00.000Z,100003,BRUNO SANTOS,TITULAR,2021-08-22T10:15:00.000Z
Bruno,Santos,35,-1193.96,TRANSPORTE APLICATIVO,2026-08-21T00:50:00.000Z,100003,BRUNO SANTOS,TITULAR,2021-08-22T10:15:00.000Z
Bruno,Santos,35,-570.05,COMPRA VESTUARIO,2026-08-22T07:59:00.000Z,100003,BRUNO SANTOS,TITULAR,2021-08-22T10:15:00.000Z
Bruno,Santos,35,-1441.14,COMPRA ELETRONICOS,2026-08-23T15:08:00.000Z,100003,BRUNO SANTOS,TITULAR,2021-08-22T10:15:00.000Z
Bruno,Santos,35,-817.23,COMPRA FARMACIA,2026-08-25T01:58:00.000Z,100003,BRUNO SANTOS,TITULAR,2021-08-22T10:15:00.000Z
Bruno,Santos,35,-193.32,CINEMA,2026-08-26T09:07:00.000Z,100003,BRUNO SANTOS,TITULAR,2021-08-22T10:15:00.000Z
Bruno,Santos,35,-1064.41,PET SHOP,2026-08-27T16:16:00.000Z,100003,BRUNO SANTOS,TITULAR,2021-08-22T10:15:00.000Z
Bruno,Santos,35,-440.50,ESTACIONAMENTO,2026-08-29T03:06:00.000Z,100003,BRUNO SANTOS,TITULAR,2021-08-22T10:15:00.000Z
Bruno,Santos,35,-1311.59,COMPRA ECOMMERCE,2026-08-30T10:15:00.000Z,100003,BRUNO SANTOS,TITULAR,2021-08-22T10:15:00.000Z
Bruno,Santos,35,-687.68,ASSINATURA SOFTWARE,2026-08-31T17:24:00.000Z,100003,BRUNO SANTOS,TITULAR,2021-08-22T10:15:00.000Z
Bruno,Santos,35,-63.77,RESTAURANTE,2026-09-02T04:14:00.000Z,100003,BRUNO SANTOS,TITULAR,2021-08-22T10:15:00.000Z
Bruno,Santos,35,-934.86,ASSINATURA STREAMING,2026-09-03T11:23:00.000Z,100003,BRUNO SANTOS,TITULAR,2021-08-22T10:15:00.000Z
Carla,Oliveira,42,-321.76,PADARIA,2026-01-01T20:40:00.000Z,100004,CARLA OLIVEIRA,TITULAR,2020-03-11T08:45:00.000Z
Carla,Oliveira,42,-1192.85,DELIVERY,2026-01-03T07:30:00.000Z,100004,CARLA OLIVEIRA,TITULAR,2020-03-11T08:45:00.000Z
Carla,Oliveira,42,-568.94,CAFETERIA,2026-01-04T14:39:00.000Z,100004,CARLA OLIVEIRA,TITULAR,2020-03-11T08:45:00.000Z
Carla,Oliveira,42,-1440.03,POSTO COMBUSTIVEL,2026-01-05T21:48:00.000Z,100004,CARLA OLIVEIRA,TITULAR,2020-03-11T08:45:00.000Z
Carla,Oliveira,42,-816.12,COMPRA SUPERMERCADO,2026-01-07T08:38:00.000Z,100004,CARLA OLIVEIRA,TITULAR,2020-03-11T08:45:00.000Z
Carla,Oliveira,42,-192.21,LOJA DE DEPARTAMENTO,2026-01-08T15:47:00.000Z,100004,CARLA OLIVEIRA,TITULAR,2020-03-11T08:45:00.000Z
Carla,Oliveira,42,-1063.30,LIVRARIA,2026-01-09T22:56:00.000Z,100004,CARLA OLIVEIRA,TITULAR,2020-03-11T08:45:00.000Z
Carla,Oliveira,42,-439.39,TRANSPORTE APLICATIVO,2026-01-11T09:46:00.000Z,100004,CARLA OLIVEIRA,TITULAR,2020-03-11T08:45:00.000Z
Carla,Oliveira,42,-1310.48,COMPRA VESTUARIO,2026-01-12T16:55:00.000Z,100004,CARLA OLIVEIRA,TITULAR,2020-03-11T08:45:00.000Z
Carla,Oliveira,42,-686.57,COMPRA ELETRONICOS,2026-01-14T00:04:00.000Z,100004,CARLA OLIVEIRA,TITULAR,2020-03-11T08:45:00.000Z
Carla,Oliveira,42,-62.66,COMPRA FARMACIA,2026-01-15T10:54:00.000Z,100004,CARLA OLIVEIRA,TITULAR,2020-03-11T08:45:00.000Z
Carla,Oliveira,42,-933.75,CINEMA,2026-01-16T18:03:00.000Z,100004,CARLA OLIVEIRA,TITULAR,2020-03-11T08:45:00.000Z
Carla,Oliveira,42,-309.84,PET SHOP,2026-01-18T01:12:00.000Z,100004,CARLA OLIVEIRA,TITULAR,2020-03-11T08:45:00.000Z
Carla,Oliveira,42,-1180.93,ESTACIONAMENTO,2026-01-19T12:02:00.000Z,100004,CARLA OLIVEIRA,TITULAR,2020-03-11T08:45:00.000Z
Carla,Oliveira,42,-557.02,COMPRA ECOMMERCE,2026-01-20T19:11:00.000Z,100004,CARLA OLIVEIRA,TITULAR,2020-03-11T08:45:00.000Z
Carla,Oliveira,42,-1428.11,ASSINATURA SOFTWARE,2026-01-22T06:01:00.000Z,100004,CARLA OLIVEIRA,TITULAR,2020-03-11T08:45:00.000Z
Carla,Oliveira,42,-804.20,RESTAURANTE,2026-01-23T13:10:00.000Z,100004,CARLA OLIVEIRA,TITULAR,2020-03-11T08:45:00.000Z
Carla,Oliveira,42,-180.29,ASSINATURA STREAMING,2026-01-24T20:19:00.000Z,100004,CARLA OLIVEIRA,TITULAR,2020-03-11T08:45:00.000Z
Carla,Oliveira,42,-1051.38,SERVICO ONLINE,2026-01-26T07:09:00.000Z,100004,CARLA OLIVEIRA,TITULAR,2020-03-11T08:45:00.000Z
Carla,Oliveira,42,-427.47,ACADEMIA,2026-01-27T14:18:00.000Z,100004,CARLA OLIVEIRA,TITULAR,2020-03-11T08:45:00.000Z
Carla,Oliveira,42,-1298.56,PADARIA,2026-01-28T21:27:00.000Z,100004,CARLA OLIVEIRA,TITULAR,2020-03-11T08:45:00.000Z
Carla,Oliveira,42,-674.65,DELIVERY,2026-01-30T08:17:00.000Z,100004,CARLA OLIVEIRA,TITULAR,2020-03-11T08:45:00.000Z
Carla,Oliveira,42,-50.74,CAFETERIA,2026-01-31T15:26:00.000Z,100004,CARLA OLIVEIRA,TITULAR,2020-03-11T08:45:00.000Z
Carla,Oliveira,42,-921.83,POSTO COMBUSTIVEL,2026-02-01T22:35:00.000Z,100004,CARLA OLIVEIRA,TITULAR,2020-03-11T08:45:00.000Z
Carla,Oliveira,42,-297.92,COMPRA SUPERMERCADO,2026-02-03T09:25:00.000Z,100004,CARLA OLIVEIRA,TITULAR,2020-03-11T08:45:00.000Z
Carla,Oliveira,42,-1169.01,LOJA DE DEPARTAMENTO,2026-02-04T16:34:00.000Z,100004,CARLA OLIVEIRA,TITULAR,2020-03-11T08:45:00.000Z
Carla,Oliveira,42,-545.10,LIVRARIA,2026-02-05T23:43:00.000Z,100004,CARLA OLIVEIRA,TITULAR,2020-03-11T08:45:00.000Z
Carla,Oliveira,42,-1416.19,TRANSPORTE APLICATIVO,2026-02-07T10:33:00.000Z,100004,CARLA OLIVEIRA,TITULAR,2020-03-11T08:45:00.000Z
Carla,Oliveira,42,-792.28,COMPRA VESTUARIO,2026-02-08T17:42:00.000Z,100004,CARLA OLIVEIRA,TITULAR,2020-03-11T08:45:00.000Z
Carla,Oliveira,42,-168.37,COMPRA ELETRONICOS,2026-02-10T00:51:00.000Z,100004,CARLA OLIVEIRA,TITULAR,2020-03-11T08:45:00.000Z
Carla,Oliveira,42,-1039.46,COMPRA FARMACIA,2026-02-11T11:41:00.000Z,100004,CARLA OLIVEIRA,TITULAR,2020-03-11T08:45:00.000Z
Carla,Oliveira,42,-415.55,CINEMA,2026-02-12T18:50:00.000Z,100004,CARLA OLIVEIRA,TITULAR,2020-03-11T08:45:00.000Z
Carla,Oliveira,42,-1286.64,PET SHOP,2026-02-14T05:40:00.000Z,100004,CARLA OLIVEIRA,TITULAR,2020-03-11T08:45:00.000Z
Carla,Oliveira,42,-662.73,ESTACIONAMENTO,2026-02-15T12:49:00.000Z,100004,CARLA OLIVEIRA,TITULAR,2020-03-11T08:45:00.000Z
Carla,Oliveira,42,-38.82,COMPRA ECOMMERCE,2026-02-16T19:58:00.000Z,100004,CARLA OLIVEIRA,TITULAR,2020-03-11T08:45:00.000Z
Carla,Oliveira,42,-909.91,ASSINATURA SOFTWARE,2026-02-18T06:48:00.000Z,100004,CARLA OLIVEIRA,TITULAR,2020-03-11T08:45:00.000Z
Carla,Oliveira,42,-286.00,RESTAURANTE,2026-02-19T13:57:00.000Z,100004,CARLA OLIVEIRA,TITULAR,2020-03-11T08:45:00.000Z
Carla,Oliveira,42,-1157.09,ASSINATURA STREAMING,2026-02-20T21:06:00.000Z,100004,CARLA OLIVEIRA,TITULAR,2020-03-11T08:45:00.000Z
Carla,Oliveira,42,-533.18,SERVICO ONLINE,2026-02-22T07:56:00.000Z,100004,CARLA OLIVEIRA,TITULAR,2020-03-11T08:45:00.000Z
Carla,Oliveira,42,-1404.27,ACADEMIA,2026-02-23T15:05:00.000Z,100004,CARLA OLIVEIRA,TITULAR,2020-03-11T08:45:00.000Z
Carla,Oliveira,42,-780.36,PADARIA,2026-02-24T22:14:00.000Z,100004,CARLA OLIVEIRA,TITULAR,2020-03-11T08:45:00.000Z
Carla,Oliveira,42,-156.45,DELIVERY,2026-02-26T09:04:00.000Z,100004,CARLA OLIVEIRA,TITULAR,2020-03-11T08:45:00.000Z
Carla,Oliveira,42,-1027.54,CAFETERIA,2026-02-27T16:13:00.000Z,100004,CARLA OLIVEIRA,TITULAR,2020-03-11T08:45:00.000Z
Carla,Oliveira,42,-403.63,POSTO COMBUSTIVEL,2026-02-28T23:22:00.000Z,100004,CARLA OLIVEIRA,TITULAR,2020-03-11T08:45:00.000Z
Carla,Oliveira,42,-1274.72,COMPRA SUPERMERCADO,2026-03-02T10:12:00.000Z,100004,CARLA OLIVEIRA,TITULAR,2020-03-11T08:45:00.000Z
Carla,Oliveira,42,-650.81,LOJA DE DEPARTAMENTO,2026-03-03T17:21:00.000Z,100004,CARLA OLIVEIRA,TITULAR,2020-03-11T08:45:00.000Z
Carla,Oliveira,42,-26.90,LIVRARIA,2026-03-05T00:30:00.000Z,100004,CARLA OLIVEIRA,TITULAR,2020-03-11T08:45:00.000Z
Carla,Oliveira,42,-897.99,TRANSPORTE APLICATIVO,2026-03-06T11:20:00.000Z,100004,CARLA OLIVEIRA,TITULAR,2020-03-11T08:45:00.000Z
Carla,Oliveira,42,-274.08,COMPRA VESTUARIO,2026-03-07T18:29:00.000Z,100004,CARLA OLIVEIRA,TITULAR,2020-03-11T08:45:00.000Z
Carla,Oliveira,42,-1145.17,COMPRA ELETRONICOS,2026-03-09T05:19:00.000Z,100004,CARLA OLIVEIRA,TITULAR,2020-03-11T08:45:00.000Z
Carla,Oliveira,42,-521.26,COMPRA FARMACIA,2026-03-10T12:28:00.000Z,100004,CARLA OLIVEIRA,TITULAR,2020-03-11T08:45:00.000Z
Carla,Oliveira,42,-1392.35,CINEMA,2026-03-11T19:37:00.000Z,100004,CARLA OLIVEIRA,TITULAR,2020-03-11T08:45:00.000Z
Carla,Oliveira,42,-768.44,PET SHOP,2026-03-13T06:27:00.000Z,100004,CARLA OLIVEIRA,TITULAR,2020-03-11T08:45:00.000Z
Carla,Oliveira,42,-144.53,ESTACIONAMENTO,2026-03-14T13:36:00.000Z,100004,CARLA OLIVEIRA,TITULAR,2020-03-11T08:45:00.000Z
Carla,Oliveira,42,-1015.62,COMPRA ECOMMERCE,2026-03-15T20:45:00.000Z,100004,CARLA OLIVEIRA,TITULAR,2020-03-11T08:45:00.000Z
Carla,Oliveira,42,-391.71,ASSINATURA SOFTWARE,2026-03-17T07:35:00.000Z,100004,CARLA OLIVEIRA,TITULAR,2020-03-11T08:45:00.000Z
Carla,Oliveira,42,-1262.80,RESTAURANTE,2026-03-18T14:44:00.000Z,100004,CARLA OLIVEIRA,TITULAR,2020-03-11T08:45:00.000Z
Carla,Oliveira,42,-638.89,ASSINATURA STREAMING,2026-03-19T21:53:00.000Z,100004,CARLA OLIVEIRA,TITULAR,2020-03-11T08:45:00.000Z
Carla,Oliveira,42,-14.98,SERVICO ONLINE,2026-03-21T08:43:00.000Z,100004,CARLA OLIVEIRA,TITULAR,2020-03-11T08:45:00.000Z
Carla,Oliveira,42,-886.07,ACADEMIA,2026-03-22T15:52:00.000Z,100004,CARLA OLIVEIRA,TITULAR,2020-03-11T08:45:00.000Z
Carla,Oliveira,42,-262.16,PADARIA,2026-03-23T23:01:00.000Z,100004,CARLA OLIVEIRA,TITULAR,2020-03-11T08:45:00.000Z
Carla,Oliveira,42,-1133.25,DELIVERY,2026-03-25T09:51:00.000Z,100004,CARLA OLIVEIRA,TITULAR,2020-03-11T08:45:00.000Z
Carla,Oliveira,42,-509.34,CAFETERIA,2026-03-26T17:00:00.000Z,100004,CARLA OLIVEIRA,TITULAR,2020-03-11T08:45:00.000Z
Carla,Oliveira,42,-1380.43,POSTO COMBUSTIVEL,2026-03-28T00:09:00.000Z,100004,CARLA OLIVEIRA,TITULAR,2020-03-11T08:45:00.000Z
Carla,Oliveira,42,-756.52,COMPRA SUPERMERCADO,2026-03-29T10:59:00.000Z,100004,CARLA OLIVEIRA,TITULAR,2020-03-11T08:45:00.000Z
Carla,Oliveira,42,-132.61,LOJA DE DEPARTAMENTO,2026-03-30T18:08:00.000Z,100004,CARLA OLIVEIRA,TITULAR,2020-03-11T08:45:00.000Z
Carla,Oliveira,42,-1003.70,LIVRARIA,2026-04-01T04:58:00.000Z,100004,CARLA OLIVEIRA,TITULAR,2020-03-11T08:45:00.000Z
Carla,Oliveira,42,-379.79,TRANSPORTE APLICATIVO,2026-04-02T12:07:00.000Z,100004,CARLA OLIVEIRA,TITULAR,2020-03-11T08:45:00.000Z
Carla,Oliveira,42,-1250.88,COMPRA VESTUARIO,2026-04-03T19:16:00.000Z,100004,CARLA OLIVEIRA,TITULAR,2020-03-11T08:45:00.000Z
Carla,Oliveira,42,-626.97,COMPRA ELETRONICOS,2026-04-05T06:06:00.000Z,100004,CARLA OLIVEIRA,TITULAR,2020-03-11T08:45:00.000Z
Carla,Oliveira,42,-1498.06,COMPRA FARMACIA,2026-04-06T13:15:00.000Z,100004,CARLA OLIVEIRA,TITULAR,2020-03-11T08:45:00.000Z
Carla,Oliveira,42,-874.15,CINEMA,2026-04-07T20:24:00.000Z,100004,CARLA OLIVEIRA,TITULAR,2020-03-11T08:45:00.000Z
Carla,Oliveira,42,-250.24,PET SHOP,2026-04-09T07:14:00.000Z,100004,CARLA OLIVEIRA,TITULAR,2020-03-11T08:45:00.000Z
Carla,Oliveira,42,-1121.33,ESTACIONAMENTO,2026-04-10T14:23:00.000Z,100004,CARLA OLIVEIRA,TITULAR,2020-03-11T08:45:00.000Z
Carla,Oliveira,42,-497.42,COMPRA ECOMMERCE,2026-04-11T21:32:00.000Z,100004,CARLA OLIVEIRA,TITULAR,2020-03-11T08:45:00.000Z
Carla,Oliveira,42,-1368.51,ASSINATURA SOFTWARE,2026-04-13T08:22:00.000Z,100004,CARLA OLIVEIRA,TITULAR,2020-03-11T08:45:00.000Z
Carla,Oliveira,42,-744.60,RESTAURANTE,2026-04-14T15:31:00.000Z,100004,CARLA OLIVEIRA,TITULAR,2020-03-11T08:45:00.000Z
Carla,Oliveira,42,-120.69,ASSINATURA STREAMING,2026-04-15T22:40:00.000Z,100004,CARLA OLIVEIRA,TITULAR,2020-03-11T08:45:00.000Z
Carla,Oliveira,42,-991.78,SERVICO ONLINE,2026-04-17T09:30:00.000Z,100004,CARLA OLIVEIRA,TITULAR,2020-03-11T08:45:00.000Z
Carla,Oliveira,42,-367.87,ACADEMIA,2026-04-18T16:39:00.000Z,100004,CARLA OLIVEIRA,TITULAR,2020-03-11T08:45:00.000Z
Carla,Oliveira,42,-1238.96,PADARIA,2026-04-19T23:48:00.000Z,100004,CARLA OLIVEIRA,TITULAR,2020-03-11T08:45:00.000Z
Carla,Oliveira,42,-615.05,DELIVERY,2026-04-21T10:38:00.000Z,100004,CARLA OLIVEIRA,TITULAR,2020-03-11T08:45:00.000Z
Carla,Oliveira,42,-1486.14,CAFETERIA,2026-04-22T17:47:00.000Z,100004,CARLA OLIVEIRA,TITULAR,2020-03-11T08:45:00.000Z
Carla,Oliveira,42,-862.23,POSTO COMBUSTIVEL,2026-04-24T04:37:00.000Z,100004,CARLA OLIVEIRA,TITULAR,2020-03-11T08:45:00.000Z
Carla,Oliveira,42,-238.32,COMPRA SUPERMERCADO,2026-04-25T11:46:00.000Z,100004,CARLA OLIVEIRA,TITULAR,2020-03-11T08:45:00.000Z
Carla,Oliveira,42,-1109.41,LOJA DE DEPARTAMENTO,2026-04-26T18:55:00.000Z,100004,CARLA OLIVEIRA,TITULAR,2020-03-11T08:45:00.000Z
Carla,Oliveira,42,-485.50,LIVRARIA,2026-04-28T05:45:00.000Z,100004,CARLA OLIVEIRA,TITULAR,2020-03-11T08:45:00.000Z
Carla,Oliveira,42,-1356.59,TRANSPORTE APLICATIVO,2026-04-29T12:54:00.000Z,100004,CARLA OLIVEIRA,TITULAR,2020-03-11T08:45:00.000Z
Carla,Oliveira,42,-732.68,COMPRA VESTUARIO,2026-04-30T20:03:00.000Z,100004,CARLA OLIVEIRA,TITULAR,2020-03-11T08:45:00.000Z
Carla,Oliveira,42,-108.77,COMPRA ELETRONICOS,2026-05-02T06:53:00.000Z,100004,CARLA OLIVEIRA,TITULAR,2020-03-11T08:45:00.000Z
Carla,Oliveira,42,-979.86,COMPRA FARMACIA,2026-05-03T14:02:00.000Z,100004,CARLA OLIVEIRA,TITULAR,2020-03-11T08:45:00.000Z
Carla,Oliveira,42,-355.95,CINEMA,2026-05-04T21:11:00.000Z,100004,CARLA OLIVEIRA,TITULAR,2020-03-11T08:45:00.000Z
Carla,Oliveira,42,-1227.04,PET SHOP,2026-05-06T08:01:00.000Z,100004,CARLA OLIVEIRA,TITULAR,2020-03-11T08:45:00.000Z
Carla,Oliveira,42,-603.13,ESTACIONAMENTO,2026-05-07T15:10:00.000Z,100004,CARLA OLIVEIRA,TITULAR,2020-03-11T08:45:00.000Z
Carla,Oliveira,42,-1474.22,COMPRA ECOMMERCE,2026-05-08T22:19:00.000Z,100004,CARLA OLIVEIRA,TITULAR,2020-03-11T08:45:00.000Z
Carla,Oliveira,42,-850.31,ASSINATURA SOFTWARE,2026-05-10T09:09:00.000Z,100004,CARLA OLIVEIRA,TITULAR,2020-03-11T08:45:00.000Z
Carla,Oliveira,42,-226.40,RESTAURANTE,2026-05-11T16:18:00.000Z,100004,CARLA OLIVEIRA,TITULAR,2020-03-11T08:45:00.000Z
Carla,Oliveira,42,-1097.49,ASSINATURA STREAMING,2026-05-12T23:27:00.000Z,100004,CARLA OLIVEIRA,TITULAR,2020-03-11T08:45:00.000Z
Carla,Oliveira,42,-473.58,SERVICO ONLINE,2026-05-14T10:17:00.000Z,100004,CARLA OLIVEIRA,TITULAR,2020-03-11T08:45:00.000Z
Carla,Oliveira,42,-1344.67,ACADEMIA,2026-05-15T17:26:00.000Z,100004,CARLA OLIVEIRA,TITULAR,2020-03-11T08:45:00.000Z
Carla,Oliveira,42,-720.76,PADARIA,2026-05-17T04:16:00.000Z,100004,CARLA OLIVEIRA,TITULAR,2020-03-11T08:45:00.000Z
Carla,Oliveira,42,-96.85,DELIVERY,2026-05-18T11:25:00.000Z,100004,CARLA OLIVEIRA,TITULAR,2020-03-11T08:45:00.000Z
Carla,Oliveira,42,-967.94,CAFETERIA,2026-05-19T18:34:00.000Z,100004,CARLA OLIVEIRA,TITULAR,2020-03-11T08:45:00.000Z
Carla,Oliveira,42,-344.03,POSTO COMBUSTIVEL,2026-05-21T05:24:00.000Z,100004,CARLA OLIVEIRA,TITULAR,2020-03-11T08:45:00.000Z
Carla,Oliveira,42,-1215.12,COMPRA SUPERMERCADO,2026-05-22T12:33:00.000Z,100004,CARLA OLIVEIRA,TITULAR,2020-03-11T08:45:00.000Z
Carla,Oliveira,42,-591.21,LOJA DE DEPARTAMENTO,2026-05-23T19:42:00.000Z,100004,CARLA OLIVEIRA,TITULAR,2020-03-11T08:45:00.000Z
Carla,Oliveira,42,-1462.30,LIVRARIA,2026-05-25T06:32:00.000Z,100004,CARLA OLIVEIRA,TITULAR,2020-03-11T08:45:00.000Z
Carla,Oliveira,42,-838.39,TRANSPORTE APLICATIVO,2026-05-26T13:41:00.000Z,100004,CARLA OLIVEIRA,TITULAR,2020-03-11T08:45:00.000Z
Carla,Oliveira,42,-214.48,COMPRA VESTUARIO,2026-05-27T20:50:00.000Z,100004,CARLA OLIVEIRA,TITULAR,2020-03-11T08:45:00.000Z
Carla,Oliveira,42,-1085.57,COMPRA ELETRONICOS,2026-05-29T07:40:00.000Z,100004,CARLA OLIVEIRA,TITULAR,2020-03-11T08:45:00.000Z
Carla,Oliveira,42,-461.66,COMPRA FARMACIA,2026-05-30T14:49:00.000Z,100004,CARLA OLIVEIRA,TITULAR,2020-03-11T08:45:00.000Z
Carla,Oliveira,42,-1332.75,CINEMA,2026-05-31T21:58:00.000Z,100004,CARLA OLIVEIRA,TITULAR,2020-03-11T08:45:00.000Z
Carla,Oliveira,42,-708.84,PET SHOP,2026-06-02T08:48:00.000Z,100004,CARLA OLIVEIRA,TITULAR,2020-03-11T08:45:00.000Z
Carla,Oliveira,42,-84.93,ESTACIONAMENTO,2026-06-03T15:57:00.000Z,100004,CARLA OLIVEIRA,TITULAR,2020-03-11T08:45:00.000Z
Carla,Oliveira,42,-956.02,COMPRA ECOMMERCE,2026-06-04T23:06:00.000Z,100004,CARLA OLIVEIRA,TITULAR,2020-03-11T08:45:00.000Z
Carla,Oliveira,42,-332.11,ASSINATURA SOFTWARE,2026-06-06T09:56:00.000Z,100004,CARLA OLIVEIRA,TITULAR,2020-03-11T08:45:00.000Z
Carla,Oliveira,42,-1203.20,RESTAURANTE,2026-06-07T17:05:00.000Z,100004,CARLA OLIVEIRA,TITULAR,2020-03-11T08:45:00.000Z
Carla,Oliveira,42,-579.29,ASSINATURA STREAMING,2026-06-09T03:55:00.000Z,100004,CARLA OLIVEIRA,TITULAR,2020-03-11T08:45:00.000Z
Carla,Oliveira,42,-1450.38,SERVICO ONLINE,2026-06-10T11:04:00.000Z,100004,CARLA OLIVEIRA,TITULAR,2020-03-11T08:45:00.000Z
Carla,Oliveira,42,-826.47,ACADEMIA,2026-06-11T18:13:00.000Z,100004,CARLA OLIVEIRA,TITULAR,2020-03-11T08:45:00.000Z
Carla,Oliveira,42,-202.56,PADARIA,2026-06-13T05:03:00.000Z,100004,CARLA OLIVEIRA,TITULAR,2020-03-11T08:45:00.000Z
Carla,Oliveira,42,-1073.65,DELIVERY,2026-06-14T12:12:00.000Z,100004,CARLA OLIVEIRA,TITULAR,2020-03-11T08:45:00.000Z
Carla,Oliveira,42,-449.74,CAFETERIA,2026-06-15T19:21:00.000Z,100004,CARLA OLIVEIRA,TITULAR,2020-03-11T08:45:00.000Z
Carla,Oliveira,42,-1320.83,POSTO COMBUSTIVEL,2026-06-17T06:11:00.000Z,100004,CARLA OLIVEIRA,TITULAR,2020-03-11T08:45:00.000Z
Carla,Oliveira,42,-696.92,COMPRA SUPERMERCADO,2026-06-18T13:20:00.000Z,100004,CARLA OLIVEIRA,TITULAR,2020-03-11T08:45:00.000Z
Carla,Oliveira,42,-73.01,LOJA DE DEPARTAMENTO,2026-06-19T20:29:00.000Z,100004,CARLA OLIVEIRA,TITULAR,2020-03-11T08:45:00.000Z
Carla,Oliveira,42,-944.10,LIVRARIA,2026-06-21T07:19:00.000Z,100004,CARLA OLIVEIRA,TITULAR,2020-03-11T08:45:00.000Z
Carla,Oliveira,42,-320.19,TRANSPORTE APLICATIVO,2026-06-22T14:28:00.000Z,100004,CARLA OLIVEIRA,TITULAR,2020-03-11T08:45:00.000Z
Carla,Oliveira,42,-1191.28,COMPRA VESTUARIO,2026-06-23T21:37:00.000Z,100004,CARLA OLIVEIRA,TITULAR,2020-03-11T08:45:00.000Z
Carla,Oliveira,42,-567.37,COMPRA ELETRONICOS,2026-06-25T08:27:00.000Z,100004,CARLA OLIVEIRA,TITULAR,2020-03-11T08:45:00.000Z
Carla,Oliveira,42,-1438.46,COMPRA FARMACIA,2026-06-26T15:36:00.000Z,100004,CARLA OLIVEIRA,TITULAR,2020-03-11T08:45:00.000Z
Carla,Oliveira,42,-814.55,CINEMA,2026-06-27T22:45:00.000Z,100004,CARLA OLIVEIRA,TITULAR,2020-03-11T08:45:00.000Z
Carla,Oliveira,42,-190.64,PET SHOP,2026-06-29T09:35:00.000Z,100004,CARLA OLIVEIRA,TITULAR,2020-03-11T08:45:00.000Z
Carla,Oliveira,42,-1061.73,ESTACIONAMENTO,2026-06-30T16:44:00.000Z,100004,CARLA OLIVEIRA,TITULAR,2020-03-11T08:45:00.000Z
Carla,Oliveira,42,-437.82,COMPRA ECOMMERCE,2026-07-02T03:34:00.000Z,100004,CARLA OLIVEIRA,TITULAR,2020-03-11T08:45:00.000Z
Carla,Oliveira,42,-1308.91,ASSINATURA SOFTWARE,2026-07-03T10:43:00.000Z,100004,CARLA OLIVEIRA,TITULAR,2020-03-11T08:45:00.000Z
Carla,Oliveira,42,-685.00,RESTAURANTE,2026-07-04T17:52:00.000Z,100004,CARLA OLIVEIRA,TITULAR,2020-03-11T08:45:00.000Z
Carla,Oliveira,42,-61.09,ASSINATURA STREAMING,2026-07-06T04:42:00.000Z,100004,CARLA OLIVEIRA,TITULAR,2020-03-11T08:45:00.000Z
Carla,Oliveira,42,-932.18,SERVICO ONLINE,2026-07-07T11:51:00.000Z,100004,CARLA OLIVEIRA,TITULAR,2020-03-11T08:45:00.000Z
Carla,Oliveira,42,-308.27,ACADEMIA,2026-07-08T19:00:00.000Z,100004,CARLA OLIVEIRA,TITULAR,2020-03-11T08:45:00.000Z
Carla,Oliveira,42,-1179.36,PADARIA,2026-07-10T05:50:00.000Z,100004,CARLA OLIVEIRA,TITULAR,2020-03-11T08:45:00.000Z
Carla,Oliveira,42,-555.45,DELIVERY,2026-07-11T12:59:00.000Z,100004,CARLA OLIVEIRA,TITULAR,2020-03-11T08:45:00.000Z
Carla,Oliveira,42,-1426.54,CAFETERIA,2026-07-12T20:08:00.000Z,100004,CARLA OLIVEIRA,TITULAR,2020-03-11T08:45:00.000Z
Carla,Oliveira,42,-802.63,POSTO COMBUSTIVEL,2026-07-14T06:58:00.000Z,100004,CARLA OLIVEIRA,TITULAR,2020-03-11T08:45:00.000Z
Carla,Oliveira,42,-178.72,COMPRA SUPERMERCADO,2026-07-15T14:07:00.000Z,100004,CARLA OLIVEIRA,TITULAR,2020-03-11T08:45:00.000Z
Carla,Oliveira,42,-1049.81,LOJA DE DEPARTAMENTO,2026-07-16T21:16:00.000Z,100004,CARLA OLIVEIRA,TITULAR,2020-03-11T08:45:00.000Z
Carla,Oliveira,42,-425.90,LIVRARIA,2026-07-18T08:06:00.000Z,100004,CARLA OLIVEIRA,TITULAR,2020-03-11T08:45:00.000Z
Carla,Oliveira,42,-1296.99,TRANSPORTE APLICATIVO,2026-07-19T15:15:00.000Z,100004,CARLA OLIVEIRA,TITULAR,2020-03-11T08:45:00.000Z
Carla,Oliveira,42,-673.08,COMPRA VESTUARIO,2026-07-20T22:24:00.000Z,100004,CARLA OLIVEIRA,TITULAR,2020-03-11T08:45:00.000Z
Carla,Oliveira,42,-49.17,COMPRA ELETRONICOS,2026-07-22T09:14:00.000Z,100004,CARLA OLIVEIRA,TITULAR,2020-03-11T08:45:00.000Z
Carla,Oliveira,42,-920.26,COMPRA FARMACIA,2026-07-23T16:23:00.000Z,100004,CARLA OLIVEIRA,TITULAR,2020-03-11T08:45:00.000Z
Carla,Oliveira,42,-296.35,CINEMA,2026-07-25T03:13:00.000Z,100004,CARLA OLIVEIRA,TITULAR,2020-03-11T08:45:00.000Z
Carla,Oliveira,42,-1167.44,PET SHOP,2026-07-26T10:22:00.000Z,100004,CARLA OLIVEIRA,TITULAR,2020-03-11T08:45:00.000Z
Carla,Oliveira,42,-543.53,ESTACIONAMENTO,2026-07-27T17:31:00.000Z,100004,CARLA OLIVEIRA,TITULAR,2020-03-11T08:45:00.000Z
Carla,Oliveira,42,-1414.62,COMPRA ECOMMERCE,2026-07-29T04:21:00.000Z,100004,CARLA OLIVEIRA,TITULAR,2020-03-11T08:45:00.000Z
Carla,Oliveira,42,-790.71,ASSINATURA SOFTWARE,2026-07-30T11:30:00.000Z,100004,CARLA OLIVEIRA,TITULAR,2020-03-11T08:45:00.000Z
Carla,Oliveira,42,-166.80,RESTAURANTE,2026-07-31T18:39:00.000Z,100004,CARLA OLIVEIRA,TITULAR,2020-03-11T08:45:00.000Z
Carla,Oliveira,42,-1037.89,ASSINATURA STREAMING,2026-08-02T05:29:00.000Z,100004,CARLA OLIVEIRA,TITULAR,2020-03-11T08:45:00.000Z
Carla,Oliveira,42,-413.98,SERVICO ONLINE,2026-08-03T12:38:00.000Z,100004,CARLA OLIVEIRA,TITULAR,2020-03-11T08:45:00.000Z
Carla,Oliveira,42,-1285.07,ACADEMIA,2026-08-04T19:47:00.000Z,100004,CARLA OLIVEIRA,TITULAR,2020-03-11T08:45:00.000Z
Carla,Oliveira,42,-661.16,PADARIA,2026-08-06T06:37:00.000Z,100004,CARLA OLIVEIRA,TITULAR,2020-03-11T08:45:00.000Z
Carla,Oliveira,42,-37.25,DELIVERY,2026-08-07T13:46:00.000Z,100004,CARLA OLIVEIRA,TITULAR,2020-03-11T08:45:00.000Z
Carla,Oliveira,42,-908.34,CAFETERIA,2026-08-08T20:55:00.000Z,100004,CARLA OLIVEIRA,TITULAR,2020-03-11T08:45:00.000Z
Carla,Oliveira,42,-284.43,POSTO COMBUSTIVEL,2026-08-10T07:45:00.000Z,100004,CARLA OLIVEIRA,TITULAR,2020-03-11T08:45:00.000Z
Carla,Oliveira,42,-1155.52,COMPRA SUPERMERCADO,2026-08-11T14:54:00.000Z,100004,CARLA OLIVEIRA,TITULAR,2020-03-11T08:45:00.000Z
Carla,Oliveira,42,-531.61,LOJA DE DEPARTAMENTO,2026-08-12T22:03:00.000Z,100004,CARLA OLIVEIRA,TITULAR,2020-03-11T08:45:00.000Z
Carla,Oliveira,42,-1402.70,LIVRARIA,2026-08-14T08:53:00.000Z,100004,CARLA OLIVEIRA,TITULAR,2020-03-11T08:45:00.000Z
Carla,Oliveira,42,-778.79,TRANSPORTE APLICATIVO,2026-08-15T16:02:00.000Z,100004,CARLA OLIVEIRA,TITULAR,2020-03-11T08:45:00.000Z
Carla,Oliveira,42,-154.88,COMPRA VESTUARIO,2026-08-17T02:52:00.000Z,100004,CARLA OLIVEIRA,TITULAR,2020-03-11T08:45:00.000Z
Carla,Oliveira,42,-1025.97,COMPRA ELETRONICOS,2026-08-18T10:01:00.000Z,100004,CARLA OLIVEIRA,TITULAR,2020-03-11T08:45:00.000Z
Carla,Oliveira,42,-402.06,COMPRA FARMACIA,2026-08-19T17:10:00.000Z,100004,CARLA OLIVEIRA,TITULAR,2020-03-11T08:45:00.000Z
Carla,Oliveira,42,-1273.15,CINEMA,2026-08-21T04:00:00.000Z,100004,CARLA OLIVEIRA,TITULAR,2020-03-11T08:45:00.000Z
Carla,Oliveira,42,-649.24,PET SHOP,2026-08-22T11:09:00.000Z,100004,CARLA OLIVEIRA,TITULAR,2020-03-11T08:45:00.000Z
Carla,Oliveira,42,-25.33,ESTACIONAMENTO,2026-08-23T18:18:00.000Z,100004,CARLA OLIVEIRA,TITULAR,2020-03-11T08:45:00.000Z
Carla,Oliveira,42,-896.42,COMPRA ECOMMERCE,2026-08-25T05:08:00.000Z,100004,CARLA OLIVEIRA,TITULAR,2020-03-11T08:45:00.000Z
Carla,Oliveira,42,-272.51,ASSINATURA SOFTWARE,2026-08-26T12:17:00.000Z,100004,CARLA OLIVEIRA,TITULAR,2020-03-11T08:45:00.000Z
Carla,Oliveira,42,-1143.60,RESTAURANTE,2026-08-27T19:26:00.000Z,100004,CARLA OLIVEIRA,TITULAR,2020-03-11T08:45:00.000Z
Carla,Oliveira,42,-519.69,ASSINATURA STREAMING,2026-08-29T06:16:00.000Z,100004,CARLA OLIVEIRA,TITULAR,2020-03-11T08:45:00.000Z
Carla,Oliveira,42,-1390.78,SERVICO ONLINE,2026-08-30T13:25:00.000Z,100004,CARLA OLIVEIRA,TITULAR,2020-03-11T08:45:00.000Z
Carla,Oliveira,42,-766.87,ACADEMIA,2026-08-31T20:34:00.000Z,100004,CARLA OLIVEIRA,TITULAR,2020-03-11T08:45:00.000Z
Carla,Oliveira,42,-142.96,PADARIA,2026-09-02T07:24:00.000Z,100004,CARLA OLIVEIRA,TITULAR,2020-03-11T08:45:00.000Z
Carla,Oliveira,42,-1014.05,DELIVERY,2026-09-03T14:33:00.000Z,100004,CARLA OLIVEIRA,TITULAR,2020-03-11T08:45:00.000Z
Carla,Oliveira,42,-400.95,COMPRA SUPERMERCADO,2026-01-01T23:50:00.000Z,100005,CARLA OLIVEIRA,DEPENDENTE,2022-11-05T16:10:00.000Z
Carla,Oliveira,42,-1272.04,LOJA DE DEPARTAMENTO,2026-01-03T10:40:00.000Z,100005,CARLA OLIVEIRA,DEPENDENTE,2022-11-05T16:10:00.000Z
Carla,Oliveira,42,-648.13,LIVRARIA,2026-01-04T17:49:00.000Z,100005,CARLA OLIVEIRA,DEPENDENTE,2022-11-05T16:10:00.000Z
Carla,Oliveira,42,-24.22,TRANSPORTE APLICATIVO,2026-01-06T00:58:00.000Z,100005,CARLA OLIVEIRA,DEPENDENTE,2022-11-05T16:10:00.000Z
Carla,Oliveira,42,-895.31,COMPRA VESTUARIO,2026-01-07T11:48:00.000Z,100005,CARLA OLIVEIRA,DEPENDENTE,2022-11-05T16:10:00.000Z
Carla,Oliveira,42,-271.40,COMPRA ELETRONICOS,2026-01-08T18:57:00.000Z,100005,CARLA OLIVEIRA,DEPENDENTE,2022-11-05T16:10:00.000Z
Carla,Oliveira,42,-1142.49,COMPRA FARMACIA,2026-01-10T02:06:00.000Z,100005,CARLA OLIVEIRA,DEPENDENTE,2022-11-05T16:10:00.000Z
Carla,Oliveira,42,-518.58,CINEMA,2026-01-11T12:56:00.000Z,100005,CARLA OLIVEIRA,DEPENDENTE,2022-11-05T16:10:00.000Z
Carla,Oliveira,42,-1389.67,PET SHOP,2026-01-12T20:05:00.000Z,100005,CARLA OLIVEIRA,DEPENDENTE,2022-11-05T16:10:00.000Z
Carla,Oliveira,42,-765.76,ESTACIONAMENTO,2026-01-14T03:14:00.000Z,100005,CARLA OLIVEIRA,DEPENDENTE,2022-11-05T16:10:00.000Z
Carla,Oliveira,42,-141.85,COMPRA ECOMMERCE,2026-01-15T14:04:00.000Z,100005,CARLA OLIVEIRA,DEPENDENTE,2022-11-05T16:10:00.000Z
Carla,Oliveira,42,-1012.94,ASSINATURA SOFTWARE,2026-01-16T21:13:00.000Z,100005,CARLA OLIVEIRA,DEPENDENTE,2022-11-05T16:10:00.000Z
Carla,Oliveira,42,-389.03,RESTAURANTE,2026-01-18T04:22:00.000Z,100005,CARLA OLIVEIRA,DEPENDENTE,2022-11-05T16:10:00.000Z
Carla,Oliveira,42,-1260.12,ASSINATURA STREAMING,2026-01-19T15:12:00.000Z,100005,CARLA OLIVEIRA,DEPENDENTE,2022-11-05T16:10:00.000Z
Carla,Oliveira,42,-636.21,SERVICO ONLINE,2026-01-20T22:21:00.000Z,100005,CARLA OLIVEIRA,DEPENDENTE,2022-11-05T16:10:00.000Z
Carla,Oliveira,42,-12.30,ACADEMIA,2026-01-22T05:30:00.000Z,100005,CARLA OLIVEIRA,DEPENDENTE,2022-11-05T16:10:00.000Z
Carla,Oliveira,42,-883.39,PADARIA,2026-01-23T16:20:00.000Z,100005,CARLA OLIVEIRA,DEPENDENTE,2022-11-05T16:10:00.000Z
Carla,Oliveira,42,-259.48,DELIVERY,2026-01-24T23:29:00.000Z,100005,CARLA OLIVEIRA,DEPENDENTE,2022-11-05T16:10:00.000Z
Carla,Oliveira,42,-1130.57,CAFETERIA,2026-01-26T10:19:00.000Z,100005,CARLA OLIVEIRA,DEPENDENTE,2022-11-05T16:10:00.000Z
Carla,Oliveira,42,-506.66,POSTO COMBUSTIVEL,2026-01-27T17:28:00.000Z,100005,CARLA OLIVEIRA,DEPENDENTE,2022-11-05T16:10:00.000Z
Carla,Oliveira,42,-1377.75,COMPRA SUPERMERCADO,2026-01-29T00:37:00.000Z,100005,CARLA OLIVEIRA,DEPENDENTE,2022-11-05T16:10:00.000Z
Carla,Oliveira,42,-753.84,LOJA DE DEPARTAMENTO,2026-01-30T11:27:00.000Z,100005,CARLA OLIVEIRA,DEPENDENTE,2022-11-05T16:10:00.000Z
Carla,Oliveira,42,-129.93,LIVRARIA,2026-01-31T18:36:00.000Z,100005,CARLA OLIVEIRA,DEPENDENTE,2022-11-05T16:10:00.000Z
Carla,Oliveira,42,-1001.02,TRANSPORTE APLICATIVO,2026-02-02T01:45:00.000Z,100005,CARLA OLIVEIRA,DEPENDENTE,2022-11-05T16:10:00.000Z
Carla,Oliveira,42,-377.11,COMPRA VESTUARIO,2026-02-03T12:35:00.000Z,100005,CARLA OLIVEIRA,DEPENDENTE,2022-11-05T16:10:00.000Z
Carla,Oliveira,42,-1248.20,COMPRA ELETRONICOS,2026-02-04T19:44:00.000Z,100005,CARLA OLIVEIRA,DEPENDENTE,2022-11-05T16:10:00.000Z
Carla,Oliveira,42,-624.29,COMPRA FARMACIA,2026-02-06T02:53:00.000Z,100005,CARLA OLIVEIRA,DEPENDENTE,2022-11-05T16:10:00.000Z
Carla,Oliveira,42,-1495.38,CINEMA,2026-02-07T13:43:00.000Z,100005,CARLA OLIVEIRA,DEPENDENTE,2022-11-05T16:10:00.000Z
Carla,Oliveira,42,-871.47,PET SHOP,2026-02-08T20:52:00.000Z,100005,CARLA OLIVEIRA,DEPENDENTE,2022-11-05T16:10:00.000Z
Carla,Oliveira,42,-247.56,ESTACIONAMENTO,2026-02-10T04:01:00.000Z,100005,CARLA OLIVEIRA,DEPENDENTE,2022-11-05T16:10:00.000Z
Carla,Oliveira,42,-1118.65,COMPRA ECOMMERCE,2026-02-11T14:51:00.000Z,100005,CARLA OLIVEIRA,DEPENDENTE,2022-11-05T16:10:00.000Z
Carla,Oliveira,42,-494.74,ASSINATURA SOFTWARE,2026-02-12T22:00:00.000Z,100005,CARLA OLIVEIRA,DEPENDENTE,2022-11-05T16:10:00.000Z
Carla,Oliveira,42,-1365.83,RESTAURANTE,2026-02-14T05:09:00.000Z,100005,CARLA OLIVEIRA,DEPENDENTE,2022-11-05T16:10:00.000Z
Carla,Oliveira,42,-741.92,ASSINATURA STREAMING,2026-02-15T15:59:00.000Z,100005,CARLA OLIVEIRA,DEPENDENTE,2022-11-05T16:10:00.000Z
Carla,Oliveira,42,-118.01,SERVICO ONLINE,2026-02-16T23:08:00.000Z,100005,CARLA OLIVEIRA,DEPENDENTE,2022-11-05T16:10:00.000Z
Carla,Oliveira,42,-989.10,ACADEMIA,2026-02-18T09:58:00.000Z,100005,CARLA OLIVEIRA,DEPENDENTE,2022-11-05T16:10:00.000Z
Carla,Oliveira,42,-365.19,PADARIA,2026-02-19T17:07:00.000Z,100005,CARLA OLIVEIRA,DEPENDENTE,2022-11-05T16:10:00.000Z
Carla,Oliveira,42,-1236.28,DELIVERY,2026-02-21T00:16:00.000Z,100005,CARLA OLIVEIRA,DEPENDENTE,2022-11-05T16:10:00.000Z
Carla,Oliveira,42,-612.37,CAFETERIA,2026-02-22T11:06:00.000Z,100005,CARLA OLIVEIRA,DEPENDENTE,2022-11-05T16:10:00.000Z
Carla,Oliveira,42,-1483.46,POSTO COMBUSTIVEL,2026-02-23T18:15:00.000Z,100005,CARLA OLIVEIRA,DEPENDENTE,2022-11-05T16:10:00.000Z
Carla,Oliveira,42,-859.55,COMPRA SUPERMERCADO,2026-02-25T01:24:00.000Z,100005,CARLA OLIVEIRA,DEPENDENTE,2022-11-05T16:10:00.000Z
Carla,Oliveira,42,-235.64,LOJA DE DEPARTAMENTO,2026-02-26T12:14:00.000Z,100005,CARLA OLIVEIRA,DEPENDENTE,2022-11-05T16:10:00.000Z
Carla,Oliveira,42,-1106.73,LIVRARIA,2026-02-27T19:23:00.000Z,100005,CARLA OLIVEIRA,DEPENDENTE,2022-11-05T16:10:00.000Z
Carla,Oliveira,42,-482.82,TRANSPORTE APLICATIVO,2026-03-01T02:32:00.000Z,100005,CARLA OLIVEIRA,DEPENDENTE,2022-11-05T16:10:00.000Z
Carla,Oliveira,42,-1353.91,COMPRA VESTUARIO,2026-03-02T13:22:00.000Z,100005,CARLA OLIVEIRA,DEPENDENTE,2022-11-05T16:10:00.000Z
Carla,Oliveira,42,-730.00,COMPRA ELETRONICOS,2026-03-03T20:31:00.000Z,100005,CARLA OLIVEIRA,DEPENDENTE,2022-11-05T16:10:00.000Z
Carla,Oliveira,42,-106.09,COMPRA FARMACIA,2026-03-05T03:40:00.000Z,100005,CARLA OLIVEIRA,DEPENDENTE,2022-11-05T16:10:00.000Z
Carla,Oliveira,42,-977.18,CINEMA,2026-03-06T14:30:00.000Z,100005,CARLA OLIVEIRA,DEPENDENTE,2022-11-05T16:10:00.000Z
Carla,Oliveira,42,-353.27,PET SHOP,2026-03-07T21:39:00.000Z,100005,CARLA OLIVEIRA,DEPENDENTE,2022-11-05T16:10:00.000Z
Carla,Oliveira,42,-1224.36,ESTACIONAMENTO,2026-03-09T04:48:00.000Z,100005,CARLA OLIVEIRA,DEPENDENTE,2022-11-05T16:10:00.000Z
Carla,Oliveira,42,-600.45,COMPRA ECOMMERCE,2026-03-10T15:38:00.000Z,100005,CARLA OLIVEIRA,DEPENDENTE,2022-11-05T16:10:00.000Z
Carla,Oliveira,42,-1471.54,ASSINATURA SOFTWARE,2026-03-11T22:47:00.000Z,100005,CARLA OLIVEIRA,DEPENDENTE,2022-11-05T16:10:00.000Z
Carla,Oliveira,42,-847.63,RESTAURANTE,2026-03-13T09:37:00.000Z,100005,CARLA OLIVEIRA,DEPENDENTE,2022-11-05T16:10:00.000Z
Carla,Oliveira,42,-223.72,ASSINATURA STREAMING,2026-03-14T16:46:00.000Z,100005,CARLA OLIVEIRA,DEPENDENTE,2022-11-05T16:10:00.000Z
Carla,Oliveira,42,-1094.81,SERVICO ONLINE,2026-03-15T23:55:00.000Z,100005,CARLA OLIVEIRA,DEPENDENTE,2022-11-05T16:10:00.000Z
Carla,Oliveira,42,-470.90,ACADEMIA,2026-03-17T10:45:00.000Z,100005,CARLA OLIVEIRA,DEPENDENTE,2022-11-05T16:10:00.000Z
Carla,Oliveira,42,-1341.99,PADARIA,2026-03-18T17:54:00.000Z,100005,CARLA OLIVEIRA,DEPENDENTE,2022-11-05T16:10:00.000Z
Carla,Oliveira,42,-718.08,DELIVERY,2026-03-20T01:03:00.000Z,100005,CARLA OLIVEIRA,DEPENDENTE,2022-11-05T16:10:00.000Z
Carla,Oliveira,42,-94.17,CAFETERIA,2026-03-21T11:53:00.000Z,100005,CARLA OLIVEIRA,DEPENDENTE,2022-11-05T16:10:00.000Z
Carla,Oliveira,42,-965.26,POSTO COMBUSTIVEL,2026-03-22T19:02:00.000Z,100005,CARLA OLIVEIRA,DEPENDENTE,2022-11-05T16:10:00.000Z
Carla,Oliveira,42,-341.35,COMPRA SUPERMERCADO,2026-03-24T02:11:00.000Z,100005,CARLA OLIVEIRA,DEPENDENTE,2022-11-05T16:10:00.000Z
Carla,Oliveira,42,-1212.44,LOJA DE DEPARTAMENTO,2026-03-25T13:01:00.000Z,100005,CARLA OLIVEIRA,DEPENDENTE,2022-11-05T16:10:00.000Z
Carla,Oliveira,42,-588.53,LIVRARIA,2026-03-26T20:10:00.000Z,100005,CARLA OLIVEIRA,DEPENDENTE,2022-11-05T16:10:00.000Z
Carla,Oliveira,42,-1459.62,TRANSPORTE APLICATIVO,2026-03-28T03:19:00.000Z,100005,CARLA OLIVEIRA,DEPENDENTE,2022-11-05T16:10:00.000Z
Carla,Oliveira,42,-835.71,COMPRA VESTUARIO,2026-03-29T14:09:00.000Z,100005,CARLA OLIVEIRA,DEPENDENTE,2022-11-05T16:10:00.000Z
Carla,Oliveira,42,-211.80,COMPRA ELETRONICOS,2026-03-30T21:18:00.000Z,100005,CARLA OLIVEIRA,DEPENDENTE,2022-11-05T16:10:00.000Z
Carla,Oliveira,42,-1082.89,COMPRA FARMACIA,2026-04-01T04:27:00.000Z,100005,CARLA OLIVEIRA,DEPENDENTE,2022-11-05T16:10:00.000Z
Carla,Oliveira,42,-458.98,CINEMA,2026-04-02T15:17:00.000Z,100005,CARLA OLIVEIRA,DEPENDENTE,2022-11-05T16:10:00.000Z
Carla,Oliveira,42,-1330.07,PET SHOP,2026-04-03T22:26:00.000Z,100005,CARLA OLIVEIRA,DEPENDENTE,2022-11-05T16:10:00.000Z
Carla,Oliveira,42,-706.16,ESTACIONAMENTO,2026-04-05T09:16:00.000Z,100005,CARLA OLIVEIRA,DEPENDENTE,2022-11-05T16:10:00.000Z
Carla,Oliveira,42,-82.25,COMPRA ECOMMERCE,2026-04-06T16:25:00.000Z,100005,CARLA OLIVEIRA,DEPENDENTE,2022-11-05T16:10:00.000Z
Carla,Oliveira,42,-953.34,ASSINATURA SOFTWARE,2026-04-07T23:34:00.000Z,100005,CARLA OLIVEIRA,DEPENDENTE,2022-11-05T16:10:00.000Z
Carla,Oliveira,42,-329.43,RESTAURANTE,2026-04-09T10:24:00.000Z,100005,CARLA OLIVEIRA,DEPENDENTE,2022-11-05T16:10:00.000Z
Carla,Oliveira,42,-1200.52,ASSINATURA STREAMING,2026-04-10T17:33:00.000Z,100005,CARLA OLIVEIRA,DEPENDENTE,2022-11-05T16:10:00.000Z
Carla,Oliveira,42,-576.61,SERVICO ONLINE,2026-04-12T00:42:00.000Z,100005,CARLA OLIVEIRA,DEPENDENTE,2022-11-05T16:10:00.000Z
Carla,Oliveira,42,-1447.70,ACADEMIA,2026-04-13T11:32:00.000Z,100005,CARLA OLIVEIRA,DEPENDENTE,2022-11-05T16:10:00.000Z
Carla,Oliveira,42,-823.79,PADARIA,2026-04-14T18:41:00.000Z,100005,CARLA OLIVEIRA,DEPENDENTE,2022-11-05T16:10:00.000Z
Carla,Oliveira,42,-199.88,DELIVERY,2026-04-16T01:50:00.000Z,100005,CARLA OLIVEIRA,DEPENDENTE,2022-11-05T16:10:00.000Z
Carla,Oliveira,42,-1070.97,CAFETERIA,2026-04-17T12:40:00.000Z,100005,CARLA OLIVEIRA,DEPENDENTE,2022-11-05T16:10:00.000Z
Carla,Oliveira,42,-447.06,POSTO COMBUSTIVEL,2026-04-18T19:49:00.000Z,100005,CARLA OLIVEIRA,DEPENDENTE,2022-11-05T16:10:00.000Z
Carla,Oliveira,42,-1318.15,COMPRA SUPERMERCADO,2026-04-20T02:58:00.000Z,100005,CARLA OLIVEIRA,DEPENDENTE,2022-11-05T16:10:00.000Z
Carla,Oliveira,42,-694.24,LOJA DE DEPARTAMENTO,2026-04-21T13:48:00.000Z,100005,CARLA OLIVEIRA,DEPENDENTE,2022-11-05T16:10:00.000Z
Carla,Oliveira,42,-70.33,LIVRARIA,2026-04-22T20:57:00.000Z,100005,CARLA OLIVEIRA,DEPENDENTE,2022-11-05T16:10:00.000Z
Carla,Oliveira,42,-941.42,TRANSPORTE APLICATIVO,2026-04-24T04:06:00.000Z,100005,CARLA OLIVEIRA,DEPENDENTE,2022-11-05T16:10:00.000Z
Carla,Oliveira,42,-317.51,COMPRA VESTUARIO,2026-04-25T14:56:00.000Z,100005,CARLA OLIVEIRA,DEPENDENTE,2022-11-05T16:10:00.000Z
Carla,Oliveira,42,-1188.60,COMPRA ELETRONICOS,2026-04-26T22:05:00.000Z,100005,CARLA OLIVEIRA,DEPENDENTE,2022-11-05T16:10:00.000Z
Carla,Oliveira,42,-564.69,COMPRA FARMACIA,2026-04-28T08:55:00.000Z,100005,CARLA OLIVEIRA,DEPENDENTE,2022-11-05T16:10:00.000Z
Carla,Oliveira,42,-1435.78,CINEMA,2026-04-29T16:04:00.000Z,100005,CARLA OLIVEIRA,DEPENDENTE,2022-11-05T16:10:00.000Z
Carla,Oliveira,42,-811.87,PET SHOP,2026-04-30T23:13:00.000Z,100005,CARLA OLIVEIRA,DEPENDENTE,2022-11-05T16:10:00.000Z
Carla,Oliveira,42,-187.96,ESTACIONAMENTO,2026-05-02T10:03:00.000Z,100005,CARLA OLIVEIRA,DEPENDENTE,2022-11-05T16:10:00.000Z
Carla,Oliveira,42,-1059.05,COMPRA ECOMMERCE,2026-05-03T17:12:00.000Z,100005,CARLA OLIVEIRA,DEPENDENTE,2022-11-05T16:10:00.000Z
Carla,Oliveira,42,-435.14,ASSINATURA SOFTWARE,2026-05-05T00:21:00.000Z,100005,CARLA OLIVEIRA,DEPENDENTE,2022-11-05T16:10:00.000Z
Carla,Oliveira,42,-1306.23,RESTAURANTE,2026-05-06T11:11:00.000Z,100005,CARLA OLIVEIRA,DEPENDENTE,2022-11-05T16:10:00.000Z
Carla,Oliveira,42,-682.32,ASSINATURA STREAMING,2026-05-07T18:20:00.000Z,100005,CARLA OLIVEIRA,DEPENDENTE,2022-11-05T16:10:00.000Z
Carla,Oliveira,42,-58.41,SERVICO ONLINE,2026-05-09T01:29:00.000Z,100005,CARLA OLIVEIRA,DEPENDENTE,2022-11-05T16:10:00.000Z
Carla,Oliveira,42,-929.50,ACADEMIA,2026-05-10T12:19:00.000Z,100005,CARLA OLIVEIRA,DEPENDENTE,2022-11-05T16:10:00.000Z
Carla,Oliveira,42,-305.59,PADARIA,2026-05-11T19:28:00.000Z,100005,CARLA OLIVEIRA,DEPENDENTE,2022-11-05T16:10:00.000Z
Carla,Oliveira,42,-1176.68,DELIVERY,2026-05-13T02:37:00.000Z,100005,CARLA OLIVEIRA,DEPENDENTE,2022-11-05T16:10:00.000Z
Carla,Oliveira,42,-552.77,CAFETERIA,2026-05-14T13:27:00.000Z,100005,CARLA OLIVEIRA,DEPENDENTE,2022-11-05T16:10:00.000Z
Carla,Oliveira,42,-1423.86,POSTO COMBUSTIVEL,2026-05-15T20:36:00.000Z,100005,CARLA OLIVEIRA,DEPENDENTE,2022-11-05T16:10:00.000Z
Carla,Oliveira,42,-799.95,COMPRA SUPERMERCADO,2026-05-17T03:45:00.000Z,100005,CARLA OLIVEIRA,DEPENDENTE,2022-11-05T16:10:00.000Z
Carla,Oliveira,42,-176.04,LOJA DE DEPARTAMENTO,2026-05-18T14:35:00.000Z,100005,CARLA OLIVEIRA,DEPENDENTE,2022-11-05T16:10:00.000Z
Carla,Oliveira,42,-1047.13,LIVRARIA,2026-05-19T21:44:00.000Z,100005,CARLA OLIVEIRA,DEPENDENTE,2022-11-05T16:10:00.000Z
Carla,Oliveira,42,-423.22,TRANSPORTE APLICATIVO,2026-05-21T08:34:00.000Z,100005,CARLA OLIVEIRA,DEPENDENTE,2022-11-05T16:10:00.000Z
Carla,Oliveira,42,-1294.31,COMPRA VESTUARIO,2026-05-22T15:43:00.000Z,100005,CARLA OLIVEIRA,DEPENDENTE,2022-11-05T16:10:00.000Z
Carla,Oliveira,42,-670.40,COMPRA ELETRONICOS,2026-05-23T22:52:00.000Z,100005,CARLA OLIVEIRA,DEPENDENTE,2022-11-05T16:10:00.000Z
Carla,Oliveira,42,-46.49,COMPRA FARMACIA,2026-05-25T09:42:00.000Z,100005,CARLA OLIVEIRA,DEPENDENTE,2022-11-05T16:10:00.000Z
Carla,Oliveira,42,-917.58,CINEMA,2026-05-26T16:51:00.000Z,100005,CARLA OLIVEIRA,DEPENDENTE,2022-11-05T16:10:00.000Z
Carla,Oliveira,42,-293.67,PET SHOP,2026-05-28T00:00:00.000Z,100005,CARLA OLIVEIRA,DEPENDENTE,2022-11-05T16:10:00.000Z
Carla,Oliveira,42,-1164.76,ESTACIONAMENTO,2026-05-29T10:50:00.000Z,100005,CARLA OLIVEIRA,DEPENDENTE,2022-11-05T16:10:00.000Z
Carla,Oliveira,42,-540.85,COMPRA ECOMMERCE,2026-05-30T17:59:00.000Z,100005,CARLA OLIVEIRA,DEPENDENTE,2022-11-05T16:10:00.000Z
Carla,Oliveira,42,-1411.94,ASSINATURA SOFTWARE,2026-06-01T01:08:00.000Z,100005,CARLA OLIVEIRA,DEPENDENTE,2022-11-05T16:10:00.000Z
Carla,Oliveira,42,-788.03,RESTAURANTE,2026-06-02T11:58:00.000Z,100005,CARLA OLIVEIRA,DEPENDENTE,2022-11-05T16:10:00.000Z
Carla,Oliveira,42,-164.12,ASSINATURA STREAMING,2026-06-03T19:07:00.000Z,100005,CARLA OLIVEIRA,DEPENDENTE,2022-11-05T16:10:00.000Z
Carla,Oliveira,42,-1035.21,SERVICO ONLINE,2026-06-05T02:16:00.000Z,100005,CARLA OLIVEIRA,DEPENDENTE,2022-11-05T16:10:00.000Z
Carla,Oliveira,42,-411.30,ACADEMIA,2026-06-06T13:06:00.000Z,100005,CARLA OLIVEIRA,DEPENDENTE,2022-11-05T16:10:00.000Z
Carla,Oliveira,42,-1282.39,PADARIA,2026-06-07T20:15:00.000Z,100005,CARLA OLIVEIRA,DEPENDENTE,2022-11-05T16:10:00.000Z
Carla,Oliveira,42,-658.48,DELIVERY,2026-06-09T03:24:00.000Z,100005,CARLA OLIVEIRA,DEPENDENTE,2022-11-05T16:10:00.000Z
Carla,Oliveira,42,-34.57,CAFETERIA,2026-06-10T14:14:00.000Z,100005,CARLA OLIVEIRA,DEPENDENTE,2022-11-05T16:10:00.000Z
Carla,Oliveira,42,-905.66,POSTO COMBUSTIVEL,2026-06-11T21:23:00.000Z,100005,CARLA OLIVEIRA,DEPENDENTE,2022-11-05T16:10:00.000Z
Carla,Oliveira,42,-281.75,COMPRA SUPERMERCADO,2026-06-13T08:13:00.000Z,100005,CARLA OLIVEIRA,DEPENDENTE,2022-11-05T16:10:00.000Z
Carla,Oliveira,42,-1152.84,LOJA DE DEPARTAMENTO,2026-06-14T15:22:00.000Z,100005,CARLA OLIVEIRA,DEPENDENTE,2022-11-05T16:10:00.000Z
Carla,Oliveira,42,-528.93,LIVRARIA,2026-06-15T22:31:00.000Z,100005,CARLA OLIVEIRA,DEPENDENTE,2022-11-05T16:10:00.000Z
Carla,Oliveira,42,-1400.02,TRANSPORTE APLICATIVO,2026-06-17T09:21:00.000Z,100005,CARLA OLIVEIRA,DEPENDENTE,2022-11-05T16:10:00.000Z
Carla,Oliveira,42,-776.11,COMPRA VESTUARIO,2026-06-18T16:30:00.000Z,100005,CARLA OLIVEIRA,DEPENDENTE,2022-11-05T16:10:00.000Z
Carla,Oliveira,42,-152.20,COMPRA ELETRONICOS,2026-06-19T23:39:00.000Z,100005,CARLA OLIVEIRA,DEPENDENTE,2022-11-05T16:10:00.000Z
Carla,Oliveira,42,-1023.29,COMPRA FARMACIA,2026-06-21T10:29:00.000Z,100005,CARLA OLIVEIRA,DEPENDENTE,2022-11-05T16:10:00.000Z
Carla,Oliveira,42,-399.38,CINEMA,2026-06-22T17:38:00.000Z,100005,CARLA OLIVEIRA,DEPENDENTE,2022-11-05T16:10:00.000Z
Carla,Oliveira,42,-1270.47,PET SHOP,2026-06-24T00:47:00.000Z,100005,CARLA OLIVEIRA,DEPENDENTE,2022-11-05T16:10:00.000Z
Carla,Oliveira,42,-646.56,ESTACIONAMENTO,2026-06-25T11:37:00.000Z,100005,CARLA OLIVEIRA,DEPENDENTE,2022-11-05T16:10:00.000Z
Carla,Oliveira,42,-22.65,COMPRA ECOMMERCE,2026-06-26T18:46:00.000Z,100005,CARLA OLIVEIRA,DEPENDENTE,2022-11-05T16:10:00.000Z
Carla,Oliveira,42,-893.74,ASSINATURA SOFTWARE,2026-06-28T01:55:00.000Z,100005,CARLA OLIVEIRA,DEPENDENTE,2022-11-05T16:10:00.000Z
Carla,Oliveira,42,-269.83,RESTAURANTE,2026-06-29T12:45:00.000Z,100005,CARLA OLIVEIRA,DEPENDENTE,2022-11-05T16:10:00.000Z
Carla,Oliveira,42,-1140.92,ASSINATURA STREAMING,2026-06-30T19:54:00.000Z,100005,CARLA OLIVEIRA,DEPENDENTE,2022-11-05T16:10:00.000Z
Carla,Oliveira,42,-517.01,SERVICO ONLINE,2026-07-02T03:03:00.000Z,100005,CARLA OLIVEIRA,DEPENDENTE,2022-11-05T16:10:00.000Z
Carla,Oliveira,42,-1388.10,ACADEMIA,2026-07-03T13:53:00.000Z,100005,CARLA OLIVEIRA,DEPENDENTE,2022-11-05T16:10:00.000Z
Carla,Oliveira,42,-764.19,PADARIA,2026-07-04T21:02:00.000Z,100005,CARLA OLIVEIRA,DEPENDENTE,2022-11-05T16:10:00.000Z
Carla,Oliveira,42,-140.28,DELIVERY,2026-07-06T07:52:00.000Z,100005,CARLA OLIVEIRA,DEPENDENTE,2022-11-05T16:10:00.000Z
Carla,Oliveira,42,-1011.37,CAFETERIA,2026-07-07T15:01:00.000Z,100005,CARLA OLIVEIRA,DEPENDENTE,2022-11-05T16:10:00.000Z
Carla,Oliveira,42,-387.46,POSTO COMBUSTIVEL,2026-07-08T22:10:00.000Z,100005,CARLA OLIVEIRA,DEPENDENTE,2022-11-05T16:10:00.000Z
Carla,Oliveira,42,-1258.55,COMPRA SUPERMERCADO,2026-07-10T09:00:00.000Z,100005,CARLA OLIVEIRA,DEPENDENTE,2022-11-05T16:10:00.000Z
Carla,Oliveira,42,-634.64,LOJA DE DEPARTAMENTO,2026-07-11T16:09:00.000Z,100005,CARLA OLIVEIRA,DEPENDENTE,2022-11-05T16:10:00.000Z
Carla,Oliveira,42,-10.73,LIVRARIA,2026-07-12T23:18:00.000Z,100005,CARLA OLIVEIRA,DEPENDENTE,2022-11-05T16:10:00.000Z
Carla,Oliveira,42,-881.82,TRANSPORTE APLICATIVO,2026-07-14T10:08:00.000Z,100005,CARLA OLIVEIRA,DEPENDENTE,2022-11-05T16:10:00.000Z
Carla,Oliveira,42,-257.91,COMPRA VESTUARIO,2026-07-15T17:17:00.000Z,100005,CARLA OLIVEIRA,DEPENDENTE,2022-11-05T16:10:00.000Z
Carla,Oliveira,42,-1129.00,COMPRA ELETRONICOS,2026-07-17T00:26:00.000Z,100005,CARLA OLIVEIRA,DEPENDENTE,2022-11-05T16:10:00.000Z
Carla,Oliveira,42,-505.09,COMPRA FARMACIA,2026-07-18T11:16:00.000Z,100005,CARLA OLIVEIRA,DEPENDENTE,2022-11-05T16:10:00.000Z
Carla,Oliveira,42,-1376.18,CINEMA,2026-07-19T18:25:00.000Z,100005,CARLA OLIVEIRA,DEPENDENTE,2022-11-05T16:10:00.000Z
Carla,Oliveira,42,-752.27,PET SHOP,2026-07-21T01:34:00.000Z,100005,CARLA OLIVEIRA,DEPENDENTE,2022-11-05T16:10:00.000Z
Carla,Oliveira,42,-128.36,ESTACIONAMENTO,2026-07-22T12:24:00.000Z,100005,CARLA OLIVEIRA,DEPENDENTE,2022-11-05T16:10:00.000Z
Carla,Oliveira,42,-999.45,COMPRA ECOMMERCE,2026-07-23T19:33:00.000Z,100005,CARLA OLIVEIRA,DEPENDENTE,2022-11-05T16:10:00.000Z
Carla,Oliveira,42,-375.54,ASSINATURA SOFTWARE,2026-07-25T02:42:00.000Z,100005,CARLA OLIVEIRA,DEPENDENTE,2022-11-05T16:10:00.000Z
Carla,Oliveira,42,-1246.63,RESTAURANTE,2026-07-26T13:32:00.000Z,100005,CARLA OLIVEIRA,DEPENDENTE,2022-11-05T16:10:00.000Z
Carla,Oliveira,42,-622.72,ASSINATURA STREAMING,2026-07-27T20:41:00.000Z,100005,CARLA OLIVEIRA,DEPENDENTE,2022-11-05T16:10:00.000Z
Carla,Oliveira,42,-1493.81,SERVICO ONLINE,2026-07-29T07:31:00.000Z,100005,CARLA OLIVEIRA,DEPENDENTE,2022-11-05T16:10:00.000Z
Carla,Oliveira,42,-869.90,ACADEMIA,2026-07-30T14:40:00.000Z,100005,CARLA OLIVEIRA,DEPENDENTE,2022-11-05T16:10:00.000Z
Carla,Oliveira,42,-245.99,PADARIA,2026-07-31T21:49:00.000Z,100005,CARLA OLIVEIRA,DEPENDENTE,2022-11-05T16:10:00.000Z
Carla,Oliveira,42,-1117.08,DELIVERY,2026-08-02T08:39:00.000Z,100005,CARLA OLIVEIRA,DEPENDENTE,2022-11-05T16:10:00.000Z
Carla,Oliveira,42,-493.17,CAFETERIA,2026-08-03T15:48:00.000Z,100005,CARLA OLIVEIRA,DEPENDENTE,2022-11-05T16:10:00.000Z
Carla,Oliveira,42,-1364.26,POSTO COMBUSTIVEL,2026-08-04T22:57:00.000Z,100005,CARLA OLIVEIRA,DEPENDENTE,2022-11-05T16:10:00.000Z
Carla,Oliveira,42,-740.35,COMPRA SUPERMERCADO,2026-08-06T09:47:00.000Z,100005,CARLA OLIVEIRA,DEPENDENTE,2022-11-05T16:10:00.000Z
Carla,Oliveira,42,-116.44,LOJA DE DEPARTAMENTO,2026-08-07T16:56:00.000Z,100005,CARLA OLIVEIRA,DEPENDENTE,2022-11-05T16:10:00.000Z
Carla,Oliveira,42,-987.53,LIVRARIA,2026-08-09T00:05:00.000Z,100005,CARLA OLIVEIRA,DEPENDENTE,2022-11-05T16:10:00.000Z
Carla,Oliveira,42,-363.62,TRANSPORTE APLICATIVO,2026-08-10T10:55:00.000Z,100005,CARLA OLIVEIRA,DEPENDENTE,2022-11-05T16:10:00.000Z
Carla,Oliveira,42,-1234.71,COMPRA VESTUARIO,2026-08-11T18:04:00.000Z,100005,CARLA OLIVEIRA,DEPENDENTE,2022-11-05T16:10:00.000Z
Carla,Oliveira,42,-610.80,COMPRA ELETRONICOS,2026-08-13T01:13:00.000Z,100005,CARLA OLIVEIRA,DEPENDENTE,2022-11-05T16:10:00.000Z
Carla,Oliveira,42,-1481.89,COMPRA FARMACIA,2026-08-14T12:03:00.000Z,100005,CARLA OLIVEIRA,DEPENDENTE,2022-11-05T16:10:00.000Z
Carla,Oliveira,42,-857.98,CINEMA,2026-08-15T19:12:00.000Z,100005,CARLA OLIVEIRA,DEPENDENTE,2022-11-05T16:10:00.000Z
Carla,Oliveira,42,-234.07,PET SHOP,2026-08-17T02:21:00.000Z,100005,CARLA OLIVEIRA,DEPENDENTE,2022-11-05T16:10:00.000Z
Carla,Oliveira,42,-1105.16,ESTACIONAMENTO,2026-08-18T13:11:00.000Z,100005,CARLA OLIVEIRA,DEPENDENTE,2022-11-05T16:10:00.000Z
Carla,Oliveira,42,-481.25,COMPRA ECOMMERCE,2026-08-19T20:20:00.000Z,100005,CARLA OLIVEIRA,DEPENDENTE,2022-11-05T16:10:00.000Z
Carla,Oliveira,42,-1352.34,ASSINATURA SOFTWARE,2026-08-21T07:10:00.000Z,100005,CARLA OLIVEIRA,DEPENDENTE,2022-11-05T16:10:00.000Z
Carla,Oliveira,42,-728.43,RESTAURANTE,2026-08-22T14:19:00.000Z,100005,CARLA OLIVEIRA,DEPENDENTE,2022-11-05T16:10:00.000Z
Carla,Oliveira,42,-104.52,ASSINATURA STREAMING,2026-08-23T21:28:00.000Z,100005,CARLA OLIVEIRA,DEPENDENTE,2022-11-05T16:10:00.000Z
Carla,Oliveira,42,-975.61,SERVICO ONLINE,2026-08-25T08:18:00.000Z,100005,CARLA OLIVEIRA,DEPENDENTE,2022-11-05T16:10:00.000Z
Carla,Oliveira,42,-351.70,ACADEMIA,2026-08-26T15:27:00.000Z,100005,CARLA OLIVEIRA,DEPENDENTE,2022-11-05T16:10:00.000Z
Carla,Oliveira,42,-1222.79,PADARIA,2026-08-27T22:36:00.000Z,100005,CARLA OLIVEIRA,DEPENDENTE,2022-11-05T16:10:00.000Z
Carla,Oliveira,42,-598.88,DELIVERY,2026-08-29T09:26:00.000Z,100005,CARLA OLIVEIRA,DEPENDENTE,2022-11-05T16:10:00.000Z
Carla,Oliveira,42,-1469.97,CAFETERIA,2026-08-30T16:35:00.000Z,100005,CARLA OLIVEIRA,DEPENDENTE,2022-11-05T16:10:00.000Z
Carla,Oliveira,42,-846.06,POSTO COMBUSTIVEL,2026-08-31T23:44:00.000Z,100005,CARLA OLIVEIRA,DEPENDENTE,2022-11-05T16:10:00.000Z
Carla,Oliveira,42,-222.15,COMPRA SUPERMERCADO,2026-09-02T10:34:00.000Z,100005,CARLA OLIVEIRA,DEPENDENTE,2022-11-05T16:10:00.000Z
Carla,Oliveira,42,-1093.24,LOJA DE DEPARTAMENTO,2026-09-03T17:43:00.000Z,100005,CARLA OLIVEIRA,DEPENDENTE,2022-11-05T16:10:00.000Z
Diego,Costa,31,-480.14,COMPRA VESTUARIO,2026-01-02T03:00:00.000Z,100006,DIEGO COSTA,TITULAR,2024-02-19T11:30:00.000Z
Diego,Costa,31,-1351.23,COMPRA ELETRONICOS,2026-01-03T10:09:00.000Z,100006,DIEGO COSTA,TITULAR,2024-02-19T11:30:00.000Z
Diego,Costa,31,-727.32,COMPRA FARMACIA,2026-01-04T20:59:00.000Z,100006,DIEGO COSTA,TITULAR,2024-02-19T11:30:00.000Z
Diego,Costa,31,-103.41,CINEMA,2026-01-06T04:08:00.000Z,100006,DIEGO COSTA,TITULAR,2024-02-19T11:30:00.000Z
Diego,Costa,31,-974.50,PET SHOP,2026-01-07T14:58:00.000Z,100006,DIEGO COSTA,TITULAR,2024-02-19T11:30:00.000Z
Diego,Costa,31,-350.59,ESTACIONAMENTO,2026-01-08T22:07:00.000Z,100006,DIEGO COSTA,TITULAR,2024-02-19T11:30:00.000Z
Diego,Costa,31,-1221.68,COMPRA ECOMMERCE,2026-01-10T05:16:00.000Z,100006,DIEGO COSTA,TITULAR,2024-02-19T11:30:00.000Z
Diego,Costa,31,-597.77,ASSINATURA SOFTWARE,2026-01-11T16:06:00.000Z,100006,DIEGO COSTA,TITULAR,2024-02-19T11:30:00.000Z
Diego,Costa,31,-1468.86,RESTAURANTE,2026-01-12T23:15:00.000Z,100006,DIEGO COSTA,TITULAR,2024-02-19T11:30:00.000Z
Diego,Costa,31,-844.95,ASSINATURA STREAMING,2026-01-14T06:24:00.000Z,100006,DIEGO COSTA,TITULAR,2024-02-19T11:30:00.000Z
Diego,Costa,31,-221.04,SERVICO ONLINE,2026-01-15T17:14:00.000Z,100006,DIEGO COSTA,TITULAR,2024-02-19T11:30:00.000Z
Diego,Costa,31,-1092.13,ACADEMIA,2026-01-17T00:23:00.000Z,100006,DIEGO COSTA,TITULAR,2024-02-19T11:30:00.000Z
Diego,Costa,31,-468.22,PADARIA,2026-01-18T07:32:00.000Z,100006,DIEGO COSTA,TITULAR,2024-02-19T11:30:00.000Z
Diego,Costa,31,-1339.31,DELIVERY,2026-01-19T18:22:00.000Z,100006,DIEGO COSTA,TITULAR,2024-02-19T11:30:00.000Z
Diego,Costa,31,-715.40,CAFETERIA,2026-01-21T01:31:00.000Z,100006,DIEGO COSTA,TITULAR,2024-02-19T11:30:00.000Z
Diego,Costa,31,-91.49,POSTO COMBUSTIVEL,2026-01-22T08:40:00.000Z,100006,DIEGO COSTA,TITULAR,2024-02-19T11:30:00.000Z
Diego,Costa,31,-962.58,COMPRA SUPERMERCADO,2026-01-23T19:30:00.000Z,100006,DIEGO COSTA,TITULAR,2024-02-19T11:30:00.000Z
Diego,Costa,31,-338.67,LOJA DE DEPARTAMENTO,2026-01-25T02:39:00.000Z,100006,DIEGO COSTA,TITULAR,2024-02-19T11:30:00.000Z
Diego,Costa,31,-1209.76,LIVRARIA,2026-01-26T09:48:00.000Z,100006,DIEGO COSTA,TITULAR,2024-02-19T11:30:00.000Z
Diego,Costa,31,-585.85,TRANSPORTE APLICATIVO,2026-01-27T20:38:00.000Z,100006,DIEGO COSTA,TITULAR,2024-02-19T11:30:00.000Z
Diego,Costa,31,-1456.94,COMPRA VESTUARIO,2026-01-29T03:47:00.000Z,100006,DIEGO COSTA,TITULAR,2024-02-19T11:30:00.000Z
Diego,Costa,31,-833.03,COMPRA ELETRONICOS,2026-01-30T14:37:00.000Z,100006,DIEGO COSTA,TITULAR,2024-02-19T11:30:00.000Z
Diego,Costa,31,-209.12,COMPRA FARMACIA,2026-01-31T21:46:00.000Z,100006,DIEGO COSTA,TITULAR,2024-02-19T11:30:00.000Z
Diego,Costa,31,-1080.21,CINEMA,2026-02-02T04:55:00.000Z,100006,DIEGO COSTA,TITULAR,2024-02-19T11:30:00.000Z
Diego,Costa,31,-456.30,PET SHOP,2026-02-03T15:45:00.000Z,100006,DIEGO COSTA,TITULAR,2024-02-19T11:30:00.000Z
Diego,Costa,31,-1327.39,ESTACIONAMENTO,2026-02-04T22:54:00.000Z,100006,DIEGO COSTA,TITULAR,2024-02-19T11:30:00.000Z
Diego,Costa,31,-703.48,COMPRA ECOMMERCE,2026-02-06T06:03:00.000Z,100006,DIEGO COSTA,TITULAR,2024-02-19T11:30:00.000Z
Diego,Costa,31,-79.57,ASSINATURA SOFTWARE,2026-02-07T16:53:00.000Z,100006,DIEGO COSTA,TITULAR,2024-02-19T11:30:00.000Z
Diego,Costa,31,-950.66,RESTAURANTE,2026-02-09T00:02:00.000Z,100006,DIEGO COSTA,TITULAR,2024-02-19T11:30:00.000Z
Diego,Costa,31,-326.75,ASSINATURA STREAMING,2026-02-10T07:11:00.000Z,100006,DIEGO COSTA,TITULAR,2024-02-19T11:30:00.000Z
Diego,Costa,31,-1197.84,SERVICO ONLINE,2026-02-11T18:01:00.000Z,100006,DIEGO COSTA,TITULAR,2024-02-19T11:30:00.000Z
Diego,Costa,31,-573.93,ACADEMIA,2026-02-13T01:10:00.000Z,100006,DIEGO COSTA,TITULAR,2024-02-19T11:30:00.000Z
Diego,Costa,31,-1445.02,PADARIA,2026-02-14T08:19:00.000Z,100006,DIEGO COSTA,TITULAR,2024-02-19T11:30:00.000Z
Diego,Costa,31,-821.11,DELIVERY,2026-02-15T19:09:00.000Z,100006,DIEGO COSTA,TITULAR,2024-02-19T11:30:00.000Z
Diego,Costa,31,-197.20,CAFETERIA,2026-02-17T02:18:00.000Z,100006,DIEGO COSTA,TITULAR,2024-02-19T11:30:00.000Z
Diego,Costa,31,-1068.29,POSTO COMBUSTIVEL,2026-02-18T09:27:00.000Z,100006,DIEGO COSTA,TITULAR,2024-02-19T11:30:00.000Z
Diego,Costa,31,-444.38,COMPRA SUPERMERCADO,2026-02-19T20:17:00.000Z,100006,DIEGO COSTA,TITULAR,2024-02-19T11:30:00.000Z
Diego,Costa,31,-1315.47,LOJA DE DEPARTAMENTO,2026-02-21T03:26:00.000Z,100006,DIEGO COSTA,TITULAR,2024-02-19T11:30:00.000Z
Diego,Costa,31,-691.56,LIVRARIA,2026-02-22T14:16:00.000Z,100006,DIEGO COSTA,TITULAR,2024-02-19T11:30:00.000Z
Diego,Costa,31,-67.65,TRANSPORTE APLICATIVO,2026-02-23T21:25:00.000Z,100006,DIEGO COSTA,TITULAR,2024-02-19T11:30:00.000Z
Diego,Costa,31,-938.74,COMPRA VESTUARIO,2026-02-25T04:34:00.000Z,100006,DIEGO COSTA,TITULAR,2024-02-19T11:30:00.000Z
Diego,Costa,31,-314.83,COMPRA ELETRONICOS,2026-02-26T15:24:00.000Z,100006,DIEGO COSTA,TITULAR,2024-02-19T11:30:00.000Z
Diego,Costa,31,-1185.92,COMPRA FARMACIA,2026-02-27T22:33:00.000Z,100006,DIEGO COSTA,TITULAR,2024-02-19T11:30:00.000Z
Diego,Costa,31,-562.01,CINEMA,2026-03-01T05:42:00.000Z,100006,DIEGO COSTA,TITULAR,2024-02-19T11:30:00.000Z
Diego,Costa,31,-1433.10,PET SHOP,2026-03-02T16:32:00.000Z,100006,DIEGO COSTA,TITULAR,2024-02-19T11:30:00.000Z
Diego,Costa,31,-809.19,ESTACIONAMENTO,2026-03-03T23:41:00.000Z,100006,DIEGO COSTA,TITULAR,2024-02-19T11:30:00.000Z
Diego,Costa,31,-185.28,COMPRA ECOMMERCE,2026-03-05T06:50:00.000Z,100006,DIEGO COSTA,TITULAR,2024-02-19T11:30:00.000Z
Diego,Costa,31,-1056.37,ASSINATURA SOFTWARE,2026-03-06T17:40:00.000Z,100006,DIEGO COSTA,TITULAR,2024-02-19T11:30:00.000Z
Diego,Costa,31,-432.46,RESTAURANTE,2026-03-08T00:49:00.000Z,100006,DIEGO COSTA,TITULAR,2024-02-19T11:30:00.000Z
Diego,Costa,31,-1303.55,ASSINATURA STREAMING,2026-03-09T07:58:00.000Z,100006,DIEGO COSTA,TITULAR,2024-02-19T11:30:00.000Z
Diego,Costa,31,-679.64,SERVICO ONLINE,2026-03-10T18:48:00.000Z,100006,DIEGO COSTA,TITULAR,2024-02-19T11:30:00.000Z
Diego,Costa,31,-55.73,ACADEMIA,2026-03-12T01:57:00.000Z,100006,DIEGO COSTA,TITULAR,2024-02-19T11:30:00.000Z
Diego,Costa,31,-926.82,PADARIA,2026-03-13T09:06:00.000Z,100006,DIEGO COSTA,TITULAR,2024-02-19T11:30:00.000Z
Diego,Costa,31,-302.91,DELIVERY,2026-03-14T19:56:00.000Z,100006,DIEGO COSTA,TITULAR,2024-02-19T11:30:00.000Z
Diego,Costa,31,-1174.00,CAFETERIA,2026-03-16T03:05:00.000Z,100006,DIEGO COSTA,TITULAR,2024-02-19T11:30:00.000Z
Diego,Costa,31,-550.09,POSTO COMBUSTIVEL,2026-03-17T13:55:00.000Z,100006,DIEGO COSTA,TITULAR,2024-02-19T11:30:00.000Z
Diego,Costa,31,-1421.18,COMPRA SUPERMERCADO,2026-03-18T21:04:00.000Z,100006,DIEGO COSTA,TITULAR,2024-02-19T11:30:00.000Z
Diego,Costa,31,-797.27,LOJA DE DEPARTAMENTO,2026-03-20T04:13:00.000Z,100006,DIEGO COSTA,TITULAR,2024-02-19T11:30:00.000Z
Diego,Costa,31,-173.36,LIVRARIA,2026-03-21T15:03:00.000Z,100006,DIEGO COSTA,TITULAR,2024-02-19T11:30:00.000Z
Diego,Costa,31,-1044.45,TRANSPORTE APLICATIVO,2026-03-22T22:12:00.000Z,100006,DIEGO COSTA,TITULAR,2024-02-19T11:30:00.000Z
Diego,Costa,31,-420.54,COMPRA VESTUARIO,2026-03-24T05:21:00.000Z,100006,DIEGO COSTA,TITULAR,2024-02-19T11:30:00.000Z
Diego,Costa,31,-1291.63,COMPRA ELETRONICOS,2026-03-25T16:11:00.000Z,100006,DIEGO COSTA,TITULAR,2024-02-19T11:30:00.000Z
Diego,Costa,31,-667.72,COMPRA FARMACIA,2026-03-26T23:20:00.000Z,100006,DIEGO COSTA,TITULAR,2024-02-19T11:30:00.000Z
Diego,Costa,31,-43.81,CINEMA,2026-03-28T06:29:00.000Z,100006,DIEGO COSTA,TITULAR,2024-02-19T11:30:00.000Z
Diego,Costa,31,-914.90,PET SHOP,2026-03-29T17:19:00.000Z,100006,DIEGO COSTA,TITULAR,2024-02-19T11:30:00.000Z
Diego,Costa,31,-290.99,ESTACIONAMENTO,2026-03-31T00:28:00.000Z,100006,DIEGO COSTA,TITULAR,2024-02-19T11:30:00.000Z
Diego,Costa,31,-1162.08,COMPRA ECOMMERCE,2026-04-01T07:37:00.000Z,100006,DIEGO COSTA,TITULAR,2024-02-19T11:30:00.000Z
Diego,Costa,31,-538.17,ASSINATURA SOFTWARE,2026-04-02T18:27:00.000Z,100006,DIEGO COSTA,TITULAR,2024-02-19T11:30:00.000Z
Diego,Costa,31,-1409.26,RESTAURANTE,2026-04-04T01:36:00.000Z,100006,DIEGO COSTA,TITULAR,2024-02-19T11:30:00.000Z
Diego,Costa,31,-785.35,ASSINATURA STREAMING,2026-04-05T08:45:00.000Z,100006,DIEGO COSTA,TITULAR,2024-02-19T11:30:00.000Z
Diego,Costa,31,-161.44,SERVICO ONLINE,2026-04-06T19:35:00.000Z,100006,DIEGO COSTA,TITULAR,2024-02-19T11:30:00.000Z
Diego,Costa,31,-1032.53,ACADEMIA,2026-04-08T02:44:00.000Z,100006,DIEGO COSTA,TITULAR,2024-02-19T11:30:00.000Z
Diego,Costa,31,-408.62,PADARIA,2026-04-09T13:34:00.000Z,100006,DIEGO COSTA,TITULAR,2024-02-19T11:30:00.000Z
Diego,Costa,31,-1279.71,DELIVERY,2026-04-10T20:43:00.000Z,100006,DIEGO COSTA,TITULAR,2024-02-19T11:30:00.000Z
Diego,Costa,31,-655.80,CAFETERIA,2026-04-12T03:52:00.000Z,100006,DIEGO COSTA,TITULAR,2024-02-19T11:30:00.000Z
Diego,Costa,31,-31.89,POSTO COMBUSTIVEL,2026-04-13T14:42:00.000Z,100006,DIEGO COSTA,TITULAR,2024-02-19T11:30:00.000Z
Diego,Costa,31,-902.98,COMPRA SUPERMERCADO,2026-04-14T21:51:00.000Z,100006,DIEGO COSTA,TITULAR,2024-02-19T11:30:00.000Z
Diego,Costa,31,-279.07,LOJA DE DEPARTAMENTO,2026-04-16T05:00:00.000Z,100006,DIEGO COSTA,TITULAR,2024-02-19T11:30:00.000Z
Diego,Costa,31,-1150.16,LIVRARIA,2026-04-17T15:50:00.000Z,100006,DIEGO COSTA,TITULAR,2024-02-19T11:30:00.000Z
Diego,Costa,31,-526.25,TRANSPORTE APLICATIVO,2026-04-18T22:59:00.000Z,100006,DIEGO COSTA,TITULAR,2024-02-19T11:30:00.000Z
Diego,Costa,31,-1397.34,COMPRA VESTUARIO,2026-04-20T06:08:00.000Z,100006,DIEGO COSTA,TITULAR,2024-02-19T11:30:00.000Z
Diego,Costa,31,-773.43,COMPRA ELETRONICOS,2026-04-21T16:58:00.000Z,100006,DIEGO COSTA,TITULAR,2024-02-19T11:30:00.000Z
Diego,Costa,31,-149.52,COMPRA FARMACIA,2026-04-23T00:07:00.000Z,100006,DIEGO COSTA,TITULAR,2024-02-19T11:30:00.000Z
Diego,Costa,31,-1020.61,CINEMA,2026-04-24T07:16:00.000Z,100006,DIEGO COSTA,TITULAR,2024-02-19T11:30:00.000Z
Diego,Costa,31,-396.70,PET SHOP,2026-04-25T18:06:00.000Z,100006,DIEGO COSTA,TITULAR,2024-02-19T11:30:00.000Z
Diego,Costa,31,-1267.79,ESTACIONAMENTO,2026-04-27T01:15:00.000Z,100006,DIEGO COSTA,TITULAR,2024-02-19T11:30:00.000Z
Diego,Costa,31,-643.88,COMPRA ECOMMERCE,2026-04-28T08:24:00.000Z,100006,DIEGO COSTA,TITULAR,2024-02-19T11:30:00.000Z
Diego,Costa,31,-19.97,ASSINATURA SOFTWARE,2026-04-29T19:14:00.000Z,100006,DIEGO COSTA,TITULAR,2024-02-19T11:30:00.000Z
Diego,Costa,31,-891.06,RESTAURANTE,2026-05-01T02:23:00.000Z,100006,DIEGO COSTA,TITULAR,2024-02-19T11:30:00.000Z
Diego,Costa,31,-267.15,ASSINATURA STREAMING,2026-05-02T13:13:00.000Z,100006,DIEGO COSTA,TITULAR,2024-02-19T11:30:00.000Z
Diego,Costa,31,-1138.24,SERVICO ONLINE,2026-05-03T20:22:00.000Z,100006,DIEGO COSTA,TITULAR,2024-02-19T11:30:00.000Z
Diego,Costa,31,-514.33,ACADEMIA,2026-05-05T03:31:00.000Z,100006,DIEGO COSTA,TITULAR,2024-02-19T11:30:00.000Z
Diego,Costa,31,-1385.42,PADARIA,2026-05-06T14:21:00.000Z,100006,DIEGO COSTA,TITULAR,2024-02-19T11:30:00.000Z
Diego,Costa,31,-761.51,DELIVERY,2026-05-07T21:30:00.000Z,100006,DIEGO COSTA,TITULAR,2024-02-19T11:30:00.000Z
Diego,Costa,31,-137.60,CAFETERIA,2026-05-09T04:39:00.000Z,100006,DIEGO COSTA,TITULAR,2024-02-19T11:30:00.000Z
Diego,Costa,31,-1008.69,POSTO COMBUSTIVEL,2026-05-10T15:29:00.000Z,100006,DIEGO COSTA,TITULAR,2024-02-19T11:30:00.000Z
Diego,Costa,31,-384.78,COMPRA SUPERMERCADO,2026-05-11T22:38:00.000Z,100006,DIEGO COSTA,TITULAR,2024-02-19T11:30:00.000Z
Diego,Costa,31,-1255.87,LOJA DE DEPARTAMENTO,2026-05-13T05:47:00.000Z,100006,DIEGO COSTA,TITULAR,2024-02-19T11:30:00.000Z
Diego,Costa,31,-631.96,LIVRARIA,2026-05-14T16:37:00.000Z,100006,DIEGO COSTA,TITULAR,2024-02-19T11:30:00.000Z
Diego,Costa,31,-8.05,TRANSPORTE APLICATIVO,2026-05-15T23:46:00.000Z,100006,DIEGO COSTA,TITULAR,2024-02-19T11:30:00.000Z
Diego,Costa,31,-879.14,COMPRA VESTUARIO,2026-05-17T06:55:00.000Z,100006,DIEGO COSTA,TITULAR,2024-02-19T11:30:00.000Z
Diego,Costa,31,-255.23,COMPRA ELETRONICOS,2026-05-18T17:45:00.000Z,100006,DIEGO COSTA,TITULAR,2024-02-19T11:30:00.000Z
Diego,Costa,31,-1126.32,COMPRA FARMACIA,2026-05-20T00:54:00.000Z,100006,DIEGO COSTA,TITULAR,2024-02-19T11:30:00.000Z
Diego,Costa,31,-502.41,CINEMA,2026-05-21T08:03:00.000Z,100006,DIEGO COSTA,TITULAR,2024-02-19T11:30:00.000Z
Diego,Costa,31,-1373.50,PET SHOP,2026-05-22T18:53:00.000Z,100006,DIEGO COSTA,TITULAR,2024-02-19T11:30:00.000Z
Diego,Costa,31,-749.59,ESTACIONAMENTO,2026-05-24T02:02:00.000Z,100006,DIEGO COSTA,TITULAR,2024-02-19T11:30:00.000Z
Diego,Costa,31,-125.68,COMPRA ECOMMERCE,2026-05-25T12:52:00.000Z,100006,DIEGO COSTA,TITULAR,2024-02-19T11:30:00.000Z
Diego,Costa,31,-996.77,ASSINATURA SOFTWARE,2026-05-26T20:01:00.000Z,100006,DIEGO COSTA,TITULAR,2024-02-19T11:30:00.000Z
Diego,Costa,31,-372.86,RESTAURANTE,2026-05-28T03:10:00.000Z,100006,DIEGO COSTA,TITULAR,2024-02-19T11:30:00.000Z
Diego,Costa,31,-1243.95,ASSINATURA STREAMING,2026-05-29T14:00:00.000Z,100006,DIEGO COSTA,TITULAR,2024-02-19T11:30:00.000Z
Diego,Costa,31,-620.04,SERVICO ONLINE,2026-05-30T21:09:00.000Z,100006,DIEGO COSTA,TITULAR,2024-02-19T11:30:00.000Z
Diego,Costa,31,-1491.13,ACADEMIA,2026-06-01T04:18:00.000Z,100006,DIEGO COSTA,TITULAR,2024-02-19T11:30:00.000Z
Diego,Costa,31,-867.22,PADARIA,2026-06-02T15:08:00.000Z,100006,DIEGO COSTA,TITULAR,2024-02-19T11:30:00.000Z
Diego,Costa,31,-243.31,DELIVERY,2026-06-03T22:17:00.000Z,100006,DIEGO COSTA,TITULAR,2024-02-19T11:30:00.000Z
Diego,Costa,31,-1114.40,CAFETERIA,2026-06-05T05:26:00.000Z,100006,DIEGO COSTA,TITULAR,2024-02-19T11:30:00.000Z
Diego,Costa,31,-490.49,POSTO COMBUSTIVEL,2026-06-06T16:16:00.000Z,100006,DIEGO COSTA,TITULAR,2024-02-19T11:30:00.000Z
Diego,Costa,31,-1361.58,COMPRA SUPERMERCADO,2026-06-07T23:25:00.000Z,100006,DIEGO COSTA,TITULAR,2024-02-19T11:30:00.000Z
Diego,Costa,31,-737.67,LOJA DE DEPARTAMENTO,2026-06-09T06:34:00.000Z,100006,DIEGO COSTA,TITULAR,2024-02-19T11:30:00.000Z
Diego,Costa,31,-113.76,LIVRARIA,2026-06-10T17:24:00.000Z,100006,DIEGO COSTA,TITULAR,2024-02-19T11:30:00.000Z
Diego,Costa,31,-984.85,TRANSPORTE APLICATIVO,2026-06-12T00:33:00.000Z,100006,DIEGO COSTA,TITULAR,2024-02-19T11:30:00.000Z
Diego,Costa,31,-360.94,COMPRA VESTUARIO,2026-06-13T07:42:00.000Z,100006,DIEGO COSTA,TITULAR,2024-02-19T11:30:00.000Z
Diego,Costa,31,-1232.03,COMPRA ELETRONICOS,2026-06-14T18:32:00.000Z,100006,DIEGO COSTA,TITULAR,2024-02-19T11:30:00.000Z
Diego,Costa,31,-608.12,COMPRA FARMACIA,2026-06-16T01:41:00.000Z,100006,DIEGO COSTA,TITULAR,2024-02-19T11:30:00.000Z
Diego,Costa,31,-1479.21,CINEMA,2026-06-17T12:31:00.000Z,100006,DIEGO COSTA,TITULAR,2024-02-19T11:30:00.000Z
Diego,Costa,31,-855.30,PET SHOP,2026-06-18T19:40:00.000Z,100006,DIEGO COSTA,TITULAR,2024-02-19T11:30:00.000Z
Diego,Costa,31,-231.39,ESTACIONAMENTO,2026-06-20T02:49:00.000Z,100006,DIEGO COSTA,TITULAR,2024-02-19T11:30:00.000Z
Diego,Costa,31,-1102.48,COMPRA ECOMMERCE,2026-06-21T13:39:00.000Z,100006,DIEGO COSTA,TITULAR,2024-02-19T11:30:00.000Z
Diego,Costa,31,-478.57,ASSINATURA SOFTWARE,2026-06-22T20:48:00.000Z,100006,DIEGO COSTA,TITULAR,2024-02-19T11:30:00.000Z
Diego,Costa,31,-1349.66,RESTAURANTE,2026-06-24T03:57:00.000Z,100006,DIEGO COSTA,TITULAR,2024-02-19T11:30:00.000Z
Diego,Costa,31,-725.75,ASSINATURA STREAMING,2026-06-25T14:47:00.000Z,100006,DIEGO COSTA,TITULAR,2024-02-19T11:30:00.000Z
Diego,Costa,31,-101.84,SERVICO ONLINE,2026-06-26T21:56:00.000Z,100006,DIEGO COSTA,TITULAR,2024-02-19T11:30:00.000Z
Diego,Costa,31,-972.93,ACADEMIA,2026-06-28T05:05:00.000Z,100006,DIEGO COSTA,TITULAR,2024-02-19T11:30:00.000Z
Diego,Costa,31,-349.02,PADARIA,2026-06-29T15:55:00.000Z,100006,DIEGO COSTA,TITULAR,2024-02-19T11:30:00.000Z
Diego,Costa,31,-1220.11,DELIVERY,2026-06-30T23:04:00.000Z,100006,DIEGO COSTA,TITULAR,2024-02-19T11:30:00.000Z
Diego,Costa,31,-596.20,CAFETERIA,2026-07-02T06:13:00.000Z,100006,DIEGO COSTA,TITULAR,2024-02-19T11:30:00.000Z
Diego,Costa,31,-1467.29,POSTO COMBUSTIVEL,2026-07-03T17:03:00.000Z,100006,DIEGO COSTA,TITULAR,2024-02-19T11:30:00.000Z
Diego,Costa,31,-843.38,COMPRA SUPERMERCADO,2026-07-05T00:12:00.000Z,100006,DIEGO COSTA,TITULAR,2024-02-19T11:30:00.000Z
Diego,Costa,31,-219.47,LOJA DE DEPARTAMENTO,2026-07-06T07:21:00.000Z,100006,DIEGO COSTA,TITULAR,2024-02-19T11:30:00.000Z
Diego,Costa,31,-1090.56,LIVRARIA,2026-07-07T18:11:00.000Z,100006,DIEGO COSTA,TITULAR,2024-02-19T11:30:00.000Z
Diego,Costa,31,-466.65,TRANSPORTE APLICATIVO,2026-07-09T01:20:00.000Z,100006,DIEGO COSTA,TITULAR,2024-02-19T11:30:00.000Z
Diego,Costa,31,-1337.74,COMPRA VESTUARIO,2026-07-10T12:10:00.000Z,100006,DIEGO COSTA,TITULAR,2024-02-19T11:30:00.000Z
Diego,Costa,31,-713.83,COMPRA ELETRONICOS,2026-07-11T19:19:00.000Z,100006,DIEGO COSTA,TITULAR,2024-02-19T11:30:00.000Z
Diego,Costa,31,-89.92,COMPRA FARMACIA,2026-07-13T02:28:00.000Z,100006,DIEGO COSTA,TITULAR,2024-02-19T11:30:00.000Z
Diego,Costa,31,-961.01,CINEMA,2026-07-14T13:18:00.000Z,100006,DIEGO COSTA,TITULAR,2024-02-19T11:30:00.000Z
Diego,Costa,31,-337.10,PET SHOP,2026-07-15T20:27:00.000Z,100006,DIEGO COSTA,TITULAR,2024-02-19T11:30:00.000Z
Diego,Costa,31,-1208.19,ESTACIONAMENTO,2026-07-17T03:36:00.000Z,100006,DIEGO COSTA,TITULAR,2024-02-19T11:30:00.000Z
Diego,Costa,31,-584.28,COMPRA ECOMMERCE,2026-07-18T14:26:00.000Z,100006,DIEGO COSTA,TITULAR,2024-02-19T11:30:00.000Z
Diego,Costa,31,-1455.37,ASSINATURA SOFTWARE,2026-07-19T21:35:00.000Z,100006,DIEGO COSTA,TITULAR,2024-02-19T11:30:00.000Z
Diego,Costa,31,-831.46,RESTAURANTE,2026-07-21T04:44:00.000Z,100006,DIEGO COSTA,TITULAR,2024-02-19T11:30:00.000Z
Diego,Costa,31,-207.55,ASSINATURA STREAMING,2026-07-22T15:34:00.000Z,100006,DIEGO COSTA,TITULAR,2024-02-19T11:30:00.000Z
Diego,Costa,31,-1078.64,SERVICO ONLINE,2026-07-23T22:43:00.000Z,100006,DIEGO COSTA,TITULAR,2024-02-19T11:30:00.000Z
Diego,Costa,31,-454.73,ACADEMIA,2026-07-25T05:52:00.000Z,100006,DIEGO COSTA,TITULAR,2024-02-19T11:30:00.000Z
Diego,Costa,31,-1325.82,PADARIA,2026-07-26T16:42:00.000Z,100006,DIEGO COSTA,TITULAR,2024-02-19T11:30:00.000Z
Diego,Costa,31,-701.91,DELIVERY,2026-07-27T23:51:00.000Z,100006,DIEGO COSTA,TITULAR,2024-02-19T11:30:00.000Z
Diego,Costa,31,-78.00,CAFETERIA,2026-07-29T07:00:00.000Z,100006,DIEGO COSTA,TITULAR,2024-02-19T11:30:00.000Z
Diego,Costa,31,-949.09,POSTO COMBUSTIVEL,2026-07-30T17:50:00.000Z,100006,DIEGO COSTA,TITULAR,2024-02-19T11:30:00.000Z
Diego,Costa,31,-325.18,COMPRA SUPERMERCADO,2026-08-01T00:59:00.000Z,100006,DIEGO COSTA,TITULAR,2024-02-19T11:30:00.000Z
Diego,Costa,31,-1196.27,LOJA DE DEPARTAMENTO,2026-08-02T11:49:00.000Z,100006,DIEGO COSTA,TITULAR,2024-02-19T11:30:00.000Z
Diego,Costa,31,-572.36,LIVRARIA,2026-08-03T18:58:00.000Z,100006,DIEGO COSTA,TITULAR,2024-02-19T11:30:00.000Z
Diego,Costa,31,-1443.45,TRANSPORTE APLICATIVO,2026-08-05T02:07:00.000Z,100006,DIEGO COSTA,TITULAR,2024-02-19T11:30:00.000Z
Diego,Costa,31,-819.54,COMPRA VESTUARIO,2026-08-06T12:57:00.000Z,100006,DIEGO COSTA,TITULAR,2024-02-19T11:30:00.000Z
Diego,Costa,31,-195.63,COMPRA ELETRONICOS,2026-08-07T20:06:00.000Z,100006,DIEGO COSTA,TITULAR,2024-02-19T11:30:00.000Z
Diego,Costa,31,-1066.72,COMPRA FARMACIA,2026-08-09T03:15:00.000Z,100006,DIEGO COSTA,TITULAR,2024-02-19T11:30:00.000Z
Diego,Costa,31,-442.81,CINEMA,2026-08-10T14:05:00.000Z,100006,DIEGO COSTA,TITULAR,2024-02-19T11:30:00.000Z
Diego,Costa,31,-1313.90,PET SHOP,2026-08-11T21:14:00.000Z,100006,DIEGO COSTA,TITULAR,2024-02-19T11:30:00.000Z
Diego,Costa,31,-689.99,ESTACIONAMENTO,2026-08-13T04:23:00.000Z,100006,DIEGO COSTA,TITULAR,2024-02-19T11:30:00.000Z
Diego,Costa,31,-66.08,COMPRA ECOMMERCE,2026-08-14T15:13:00.000Z,100006,DIEGO COSTA,TITULAR,2024-02-19T11:30:00.000Z
Diego,Costa,31,-937.17,ASSINATURA SOFTWARE,2026-08-15T22:22:00.000Z,100006,DIEGO COSTA,TITULAR,2024-02-19T11:30:00.000Z
Diego,Costa,31,-313.26,RESTAURANTE,2026-08-17T05:31:00.000Z,100006,DIEGO COSTA,TITULAR,2024-02-19T11:30:00.000Z
Diego,Costa,31,-1184.35,ASSINATURA STREAMING,2026-08-18T16:21:00.000Z,100006,DIEGO COSTA,TITULAR,2024-02-19T11:30:00.000Z
Diego,Costa,31,-560.44,SERVICO ONLINE,2026-08-19T23:30:00.000Z,100006,DIEGO COSTA,TITULAR,2024-02-19T11:30:00.000Z
Diego,Costa,31,-1431.53,ACADEMIA,2026-08-21T06:39:00.000Z,100006,DIEGO COSTA,TITULAR,2024-02-19T11:30:00.000Z
Diego,Costa,31,-807.62,PADARIA,2026-08-22T17:29:00.000Z,100006,DIEGO COSTA,TITULAR,2024-02-19T11:30:00.000Z
Diego,Costa,31,-183.71,DELIVERY,2026-08-24T00:38:00.000Z,100006,DIEGO COSTA,TITULAR,2024-02-19T11:30:00.000Z
Diego,Costa,31,-1054.80,CAFETERIA,2026-08-25T11:28:00.000Z,100006,DIEGO COSTA,TITULAR,2024-02-19T11:30:00.000Z
Diego,Costa,31,-430.89,POSTO COMBUSTIVEL,2026-08-26T18:37:00.000Z,100006,DIEGO COSTA,TITULAR,2024-02-19T11:30:00.000Z
Diego,Costa,31,-1301.98,COMPRA SUPERMERCADO,2026-08-28T01:46:00.000Z,100006,DIEGO COSTA,TITULAR,2024-02-19T11:30:00.000Z
Diego,Costa,31,-678.07,LOJA DE DEPARTAMENTO,2026-08-29T12:36:00.000Z,100006,DIEGO COSTA,TITULAR,2024-02-19T11:30:00.000Z
Diego,Costa,31,-54.16,LIVRARIA,2026-08-30T19:45:00.000Z,100006,DIEGO COSTA,TITULAR,2024-02-19T11:30:00.000Z
Diego,Costa,31,-925.25,TRANSPORTE APLICATIVO,2026-09-01T02:54:00.000Z,100006,DIEGO COSTA,TITULAR,2024-02-19T11:30:00.000Z
Diego,Costa,31,-301.34,COMPRA VESTUARIO,2026-09-02T13:44:00.000Z,100006,DIEGO COSTA,TITULAR,2024-02-19T11:30:00.000Z
Diego,Costa,31,-1172.43,COMPRA ELETRONICOS,2026-09-03T20:53:00.000Z,100006,DIEGO COSTA,TITULAR,2024-02-19T11:30:00.000Z
Elisa,Pereira,26,-559.33,PET SHOP,2026-01-02T06:10:00.000Z,100007,ELISA PEREIRA,TITULAR,2023-07-03T13:00:00.000Z
Elisa,Pereira,26,-1430.42,ESTACIONAMENTO,2026-01-03T13:19:00.000Z,100007,ELISA PEREIRA,TITULAR,2023-07-03T13:00:00.000Z
Elisa,Pereira,26,-806.51,COMPRA ECOMMERCE,2026-01-05T00:09:00.000Z,100007,ELISA PEREIRA,TITULAR,2023-07-03T13:00:00.000Z
Elisa,Pereira,26,-182.60,ASSINATURA SOFTWARE,2026-01-06T07:18:00.000Z,100007,ELISA PEREIRA,TITULAR,2023-07-03T13:00:00.000Z
Elisa,Pereira,26,-1053.69,RESTAURANTE,2026-01-07T14:27:00.000Z,100007,ELISA PEREIRA,TITULAR,2023-07-03T13:00:00.000Z
Elisa,Pereira,26,-429.78,ASSINATURA STREAMING,2026-01-09T01:17:00.000Z,100007,ELISA PEREIRA,TITULAR,2023-07-03T13:00:00.000Z
Elisa,Pereira,26,-1300.87,SERVICO ONLINE,2026-01-10T08:26:00.000Z,100007,ELISA PEREIRA,TITULAR,2023-07-03T13:00:00.000Z
Elisa,Pereira,26,-676.96,ACADEMIA,2026-01-11T19:16:00.000Z,100007,ELISA PEREIRA,TITULAR,2023-07-03T13:00:00.000Z
Elisa,Pereira,26,-53.05,PADARIA,2026-01-13T02:25:00.000Z,100007,ELISA PEREIRA,TITULAR,2023-07-03T13:00:00.000Z
Elisa,Pereira,26,-924.14,DELIVERY,2026-01-14T09:34:00.000Z,100007,ELISA PEREIRA,TITULAR,2023-07-03T13:00:00.000Z
Elisa,Pereira,26,-300.23,CAFETERIA,2026-01-15T20:24:00.000Z,100007,ELISA PEREIRA,TITULAR,2023-07-03T13:00:00.000Z
Elisa,Pereira,26,-1171.32,POSTO COMBUSTIVEL,2026-01-17T03:33:00.000Z,100007,ELISA PEREIRA,TITULAR,2023-07-03T13:00:00.000Z
Elisa,Pereira,26,-547.41,COMPRA SUPERMERCADO,2026-01-18T10:42:00.000Z,100007,ELISA PEREIRA,TITULAR,2023-07-03T13:00:00.000Z
Elisa,Pereira,26,-1418.50,LOJA DE DEPARTAMENTO,2026-01-19T21:32:00.000Z,100007,ELISA PEREIRA,TITULAR,2023-07-03T13:00:00.000Z
Elisa,Pereira,26,-794.59,LIVRARIA,2026-01-21T04:41:00.000Z,100007,ELISA PEREIRA,TITULAR,2023-07-03T13:00:00.000Z
Elisa,Pereira,26,-170.68,TRANSPORTE APLICATIVO,2026-01-22T11:50:00.000Z,100007,ELISA PEREIRA,TITULAR,2023-07-03T13:00:00.000Z
Elisa,Pereira,26,-1041.77,COMPRA VESTUARIO,2026-01-23T22:40:00.000Z,100007,ELISA PEREIRA,TITULAR,2023-07-03T13:00:00.000Z
Elisa,Pereira,26,-417.86,COMPRA ELETRONICOS,2026-01-25T05:49:00.000Z,100007,ELISA PEREIRA,TITULAR,2023-07-03T13:00:00.000Z
Elisa,Pereira,26,-1288.95,COMPRA FARMACIA,2026-01-26T12:58:00.000Z,100007,ELISA PEREIRA,TITULAR,2023-07-03T13:00:00.000Z
Elisa,Pereira,26,-665.04,CINEMA,2026-01-27T23:48:00.000Z,100007,ELISA PEREIRA,TITULAR,2023-07-03T13:00:00.000Z
Elisa,Pereira,26,-41.13,PET SHOP,2026-01-29T06:57:00.000Z,100007,ELISA PEREIRA,TITULAR,2023-07-03T13:00:00.000Z
Elisa,Pereira,26,-912.22,ESTACIONAMENTO,2026-01-30T14:06:00.000Z,100007,ELISA PEREIRA,TITULAR,2023-07-03T13:00:00.000Z
Elisa,Pereira,26,-288.31,COMPRA ECOMMERCE,2026-02-01T00:56:00.000Z,100007,ELISA PEREIRA,TITULAR,2023-07-03T13:00:00.000Z
Elisa,Pereira,26,-1159.40,ASSINATURA SOFTWARE,2026-02-02T08:05:00.000Z,100007,ELISA PEREIRA,TITULAR,2023-07-03T13:00:00.000Z
Elisa,Pereira,26,-535.49,RESTAURANTE,2026-02-03T18:55:00.000Z,100007,ELISA PEREIRA,TITULAR,2023-07-03T13:00:00.000Z
Elisa,Pereira,26,-1406.58,ASSINATURA STREAMING,2026-02-05T02:04:00.000Z,100007,ELISA PEREIRA,TITULAR,2023-07-03T13:00:00.000Z
Elisa,Pereira,26,-782.67,SERVICO ONLINE,2026-02-06T09:13:00.000Z,100007,ELISA PEREIRA,TITULAR,2023-07-03T13:00:00.000Z
Elisa,Pereira,26,-158.76,ACADEMIA,2026-02-07T20:03:00.000Z,100007,ELISA PEREIRA,TITULAR,2023-07-03T13:00:00.000Z
Elisa,Pereira,26,-1029.85,PADARIA,2026-02-09T03:12:00.000Z,100007,ELISA PEREIRA,TITULAR,2023-07-03T13:00:00.000Z
Elisa,Pereira,26,-405.94,DELIVERY,2026-02-10T10:21:00.000Z,100007,ELISA PEREIRA,TITULAR,2023-07-03T13:00:00.000Z
Elisa,Pereira,26,-1277.03,CAFETERIA,2026-02-11T21:11:00.000Z,100007,ELISA PEREIRA,TITULAR,2023-07-03T13:00:00.000Z
Elisa,Pereira,26,-653.12,POSTO COMBUSTIVEL,2026-02-13T04:20:00.000Z,100007,ELISA PEREIRA,TITULAR,2023-07-03T13:00:00.000Z
Elisa,Pereira,26,-29.21,COMPRA SUPERMERCADO,2026-02-14T11:29:00.000Z,100007,ELISA PEREIRA,TITULAR,2023-07-03T13:00:00.000Z
Elisa,Pereira,26,-900.30,LOJA DE DEPARTAMENTO,2026-02-15T22:19:00.000Z,100007,ELISA PEREIRA,TITULAR,2023-07-03T13:00:00.000Z
Elisa,Pereira,26,-276.39,LIVRARIA,2026-02-17T05:28:00.000Z,100007,ELISA PEREIRA,TITULAR,2023-07-03T13:00:00.000Z
Elisa,Pereira,26,-1147.48,TRANSPORTE APLICATIVO,2026-02-18T12:37:00.000Z,100007,ELISA PEREIRA,TITULAR,2023-07-03T13:00:00.000Z
Elisa,Pereira,26,-523.57,COMPRA VESTUARIO,2026-02-19T23:27:00.000Z,100007,ELISA PEREIRA,TITULAR,2023-07-03T13:00:00.000Z
Elisa,Pereira,26,-1394.66,COMPRA ELETRONICOS,2026-02-21T06:36:00.000Z,100007,ELISA PEREIRA,TITULAR,2023-07-03T13:00:00.000Z
Elisa,Pereira,26,-770.75,COMPRA FARMACIA,2026-02-22T13:45:00.000Z,100007,ELISA PEREIRA,TITULAR,2023-07-03T13:00:00.000Z
Elisa,Pereira,26,-146.84,CINEMA,2026-02-24T00:35:00.000Z,100007,ELISA PEREIRA,TITULAR,2023-07-03T13:00:00.000Z
Elisa,Pereira,26,-1017.93,PET SHOP,2026-02-25T07:44:00.000Z,100007,ELISA PEREIRA,TITULAR,2023-07-03T13:00:00.000Z
Elisa,Pereira,26,-394.02,ESTACIONAMENTO,2026-02-26T18:34:00.000Z,100007,ELISA PEREIRA,TITULAR,2023-07-03T13:00:00.000Z
Elisa,Pereira,26,-1265.11,COMPRA ECOMMERCE,2026-02-28T01:43:00.000Z,100007,ELISA PEREIRA,TITULAR,2023-07-03T13:00:00.000Z
Elisa,Pereira,26,-641.20,ASSINATURA SOFTWARE,2026-03-01T08:52:00.000Z,100007,ELISA PEREIRA,TITULAR,2023-07-03T13:00:00.000Z
Elisa,Pereira,26,-17.29,RESTAURANTE,2026-03-02T19:42:00.000Z,100007,ELISA PEREIRA,TITULAR,2023-07-03T13:00:00.000Z
Elisa,Pereira,26,-888.38,ASSINATURA STREAMING,2026-03-04T02:51:00.000Z,100007,ELISA PEREIRA,TITULAR,2023-07-03T13:00:00.000Z
Elisa,Pereira,26,-264.47,SERVICO ONLINE,2026-03-05T10:00:00.000Z,100007,ELISA PEREIRA,TITULAR,2023-07-03T13:00:00.000Z
Elisa,Pereira,26,-1135.56,ACADEMIA,2026-03-06T20:50:00.000Z,100007,ELISA PEREIRA,TITULAR,2023-07-03T13:00:00.000Z
Elisa,Pereira,26,-511.65,PADARIA,2026-03-08T03:59:00.000Z,100007,ELISA PEREIRA,TITULAR,2023-07-03T13:00:00.000Z
Elisa,Pereira,26,-1382.74,DELIVERY,2026-03-09T11:08:00.000Z,100007,ELISA PEREIRA,TITULAR,2023-07-03T13:00:00.000Z
Elisa,Pereira,26,-758.83,CAFETERIA,2026-03-10T21:58:00.000Z,100007,ELISA PEREIRA,TITULAR,2023-07-03T13:00:00.000Z
Elisa,Pereira,26,-134.92,POSTO COMBUSTIVEL,2026-03-12T05:07:00.000Z,100007,ELISA PEREIRA,TITULAR,2023-07-03T13:00:00.000Z
Elisa,Pereira,26,-1006.01,COMPRA SUPERMERCADO,2026-03-13T12:16:00.000Z,100007,ELISA PEREIRA,TITULAR,2023-07-03T13:00:00.000Z
Elisa,Pereira,26,-382.10,LOJA DE DEPARTAMENTO,2026-03-14T23:06:00.000Z,100007,ELISA PEREIRA,TITULAR,2023-07-03T13:00:00.000Z
Elisa,Pereira,26,-1253.19,LIVRARIA,2026-03-16T06:15:00.000Z,100007,ELISA PEREIRA,TITULAR,2023-07-03T13:00:00.000Z
Elisa,Pereira,26,-629.28,TRANSPORTE APLICATIVO,2026-03-17T13:24:00.000Z,100007,ELISA PEREIRA,TITULAR,2023-07-03T13:00:00.000Z
Elisa,Pereira,26,-5.37,COMPRA VESTUARIO,2026-03-19T00:14:00.000Z,100007,ELISA PEREIRA,TITULAR,2023-07-03T13:00:00.000Z
Elisa,Pereira,26,-876.46,COMPRA ELETRONICOS,2026-03-20T07:23:00.000Z,100007,ELISA PEREIRA,TITULAR,2023-07-03T13:00:00.000Z
Elisa,Pereira,26,-252.55,COMPRA FARMACIA,2026-03-21T18:13:00.000Z,100007,ELISA PEREIRA,TITULAR,2023-07-03T13:00:00.000Z
Elisa,Pereira,26,-1123.64,CINEMA,2026-03-23T01:22:00.000Z,100007,ELISA PEREIRA,TITULAR,2023-07-03T13:00:00.000Z
Elisa,Pereira,26,-499.73,PET SHOP,2026-03-24T08:31:00.000Z,100007,ELISA PEREIRA,TITULAR,2023-07-03T13:00:00.000Z
Elisa,Pereira,26,-1370.82,ESTACIONAMENTO,2026-03-25T19:21:00.000Z,100007,ELISA PEREIRA,TITULAR,2023-07-03T13:00:00.000Z
Elisa,Pereira,26,-746.91,COMPRA ECOMMERCE,2026-03-27T02:30:00.000Z,100007,ELISA PEREIRA,TITULAR,2023-07-03T13:00:00.000Z
Elisa,Pereira,26,-123.00,ASSINATURA SOFTWARE,2026-03-28T09:39:00.000Z,100007,ELISA PEREIRA,TITULAR,2023-07-03T13:00:00.000Z
Elisa,Pereira,26,-994.09,RESTAURANTE,2026-03-29T20:29:00.000Z,100007,ELISA PEREIRA,TITULAR,2023-07-03T13:00:00.000Z
Elisa,Pereira,26,-370.18,ASSINATURA STREAMING,2026-03-31T03:38:00.000Z,100007,ELISA PEREIRA,TITULAR,2023-07-03T13:00:00.000Z
Elisa,Pereira,26,-1241.27,SERVICO ONLINE,2026-04-01T10:47:00.000Z,100007,ELISA PEREIRA,TITULAR,2023-07-03T13:00:00.000Z
Elisa,Pereira,26,-617.36,ACADEMIA,2026-04-02T21:37:00.000Z,100007,ELISA PEREIRA,TITULAR,2023-07-03T13:00:00.000Z
Elisa,Pereira,26,-1488.45,PADARIA,2026-04-04T04:46:00.000Z,100007,ELISA PEREIRA,TITULAR,2023-07-03T13:00:00.000Z
Elisa,Pereira,26,-864.54,DELIVERY,2026-04-05T11:55:00.000Z,100007,ELISA PEREIRA,TITULAR,2023-07-03T13:00:00.000Z
Elisa,Pereira,26,-240.63,CAFETERIA,2026-04-06T22:45:00.000Z,100007,ELISA PEREIRA,TITULAR,2023-07-03T13:00:00.000Z
Elisa,Pereira,26,-1111.72,POSTO COMBUSTIVEL,2026-04-08T05:54:00.000Z,100007,ELISA PEREIRA,TITULAR,2023-07-03T13:00:00.000Z
Elisa,Pereira,26,-487.81,COMPRA SUPERMERCADO,2026-04-09T13:03:00.000Z,100007,ELISA PEREIRA,TITULAR,2023-07-03T13:00:00.000Z
Elisa,Pereira,26,-1358.90,LOJA DE DEPARTAMENTO,2026-04-10T23:53:00.000Z,100007,ELISA PEREIRA,TITULAR,2023-07-03T13:00:00.000Z
Elisa,Pereira,26,-734.99,LIVRARIA,2026-04-12T07:02:00.000Z,100007,ELISA PEREIRA,TITULAR,2023-07-03T13:00:00.000Z
Elisa,Pereira,26,-111.08,TRANSPORTE APLICATIVO,2026-04-13T17:52:00.000Z,100007,ELISA PEREIRA,TITULAR,2023-07-03T13:00:00.000Z
Elisa,Pereira,26,-982.17,COMPRA VESTUARIO,2026-04-15T01:01:00.000Z,100007,ELISA PEREIRA,TITULAR,2023-07-03T13:00:00.000Z
Elisa,Pereira,26,-358.26,COMPRA ELETRONICOS,2026-04-16T08:10:00.000Z,100007,ELISA PEREIRA,TITULAR,2023-07-03T13:00:00.000Z
Elisa,Pereira,26,-1229.35,COMPRA FARMACIA,2026-04-17T19:00:00.000Z,100007,ELISA PEREIRA,TITULAR,2023-07-03T13:00:00.000Z
Elisa,Pereira,26,-605.44,CINEMA,2026-04-19T02:09:00.000Z,100007,ELISA PEREIRA,TITULAR,2023-07-03T13:00:00.000Z
Elisa,Pereira,26,-1476.53,PET SHOP,2026-04-20T09:18:00.000Z,100007,ELISA PEREIRA,TITULAR,2023-07-03T13:00:00.000Z
Elisa,Pereira,26,-852.62,ESTACIONAMENTO,2026-04-21T20:08:00.000Z,100007,ELISA PEREIRA,TITULAR,2023-07-03T13:00:00.000Z
Elisa,Pereira,26,-228.71,COMPRA ECOMMERCE,2026-04-23T03:17:00.000Z,100007,ELISA PEREIRA,TITULAR,2023-07-03T13:00:00.000Z
Elisa,Pereira,26,-1099.80,ASSINATURA SOFTWARE,2026-04-24T10:26:00.000Z,100007,ELISA PEREIRA,TITULAR,2023-07-03T13:00:00.000Z
Elisa,Pereira,26,-475.89,RESTAURANTE,2026-04-25T21:16:00.000Z,100007,ELISA PEREIRA,TITULAR,2023-07-03T13:00:00.000Z
Elisa,Pereira,26,-1346.98,ASSINATURA STREAMING,2026-04-27T04:25:00.000Z,100007,ELISA PEREIRA,TITULAR,2023-07-03T13:00:00.000Z
Elisa,Pereira,26,-723.07,SERVICO ONLINE,2026-04-28T11:34:00.000Z,100007,ELISA PEREIRA,TITULAR,2023-07-03T13:00:00.000Z
Elisa,Pereira,26,-99.16,ACADEMIA,2026-04-29T22:24:00.000Z,100007,ELISA PEREIRA,TITULAR,2023-07-03T13:00:00.000Z
Elisa,Pereira,26,-970.25,PADARIA,2026-05-01T05:33:00.000Z,100007,ELISA PEREIRA,TITULAR,2023-07-03T13:00:00.000Z
Elisa,Pereira,26,-346.34,DELIVERY,2026-05-02T12:42:00.000Z,100007,ELISA PEREIRA,TITULAR,2023-07-03T13:00:00.000Z
Elisa,Pereira,26,-1217.43,CAFETERIA,2026-05-03T23:32:00.000Z,100007,ELISA PEREIRA,TITULAR,2023-07-03T13:00:00.000Z
Elisa,Pereira,26,-593.52,POSTO COMBUSTIVEL,2026-05-05T06:41:00.000Z,100007,ELISA PEREIRA,TITULAR,2023-07-03T13:00:00.000Z
Elisa,Pereira,26,-1464.61,COMPRA SUPERMERCADO,2026-05-06T17:31:00.000Z,100007,ELISA PEREIRA,TITULAR,2023-07-03T13:00:00.000Z
Elisa,Pereira,26,-840.70,LOJA DE DEPARTAMENTO,2026-05-08T00:40:00.000Z,100007,ELISA PEREIRA,TITULAR,2023-07-03T13:00:00.000Z
Elisa,Pereira,26,-216.79,LIVRARIA,2026-05-09T07:49:00.000Z,100007,ELISA PEREIRA,TITULAR,2023-07-03T13:00:00.000Z
Elisa,Pereira,26,-1087.88,TRANSPORTE APLICATIVO,2026-05-10T18:39:00.000Z,100007,ELISA PEREIRA,TITULAR,2023-07-03T13:00:00.000Z
Elisa,Pereira,26,-463.97,COMPRA VESTUARIO,2026-05-12T01:48:00.000Z,100007,ELISA PEREIRA,TITULAR,2023-07-03T13:00:00.000Z
Elisa,Pereira,26,-1335.06,COMPRA ELETRONICOS,2026-05-13T08:57:00.000Z,100007,ELISA PEREIRA,TITULAR,2023-07-03T13:00:00.000Z
Elisa,Pereira,26,-711.15,COMPRA FARMACIA,2026-05-14T19:47:00.000Z,100007,ELISA PEREIRA,TITULAR,2023-07-03T13:00:00.000Z
Elisa,Pereira,26,-87.24,CINEMA,2026-05-16T02:56:00.000Z,100007,ELISA PEREIRA,TITULAR,2023-07-03T13:00:00.000Z
Elisa,Pereira,26,-958.33,PET SHOP,2026-05-17T10:05:00.000Z,100007,ELISA PEREIRA,TITULAR,2023-07-03T13:00:00.000Z
Elisa,Pereira,26,-334.42,ESTACIONAMENTO,2026-05-18T20:55:00.000Z,100007,ELISA PEREIRA,TITULAR,2023-07-03T13:00:00.000Z
Elisa,Pereira,26,-1205.51,COMPRA ECOMMERCE,2026-05-20T04:04:00.000Z,100007,ELISA PEREIRA,TITULAR,2023-07-03T13:00:00.000Z
Elisa,Pereira,26,-581.60,ASSINATURA SOFTWARE,2026-05-21T11:13:00.000Z,100007,ELISA PEREIRA,TITULAR,2023-07-03T13:00:00.000Z
Elisa,Pereira,26,-1452.69,RESTAURANTE,2026-05-22T22:03:00.000Z,100007,ELISA PEREIRA,TITULAR,2023-07-03T13:00:00.000Z
Elisa,Pereira,26,-828.78,ASSINATURA STREAMING,2026-05-24T05:12:00.000Z,100007,ELISA PEREIRA,TITULAR,2023-07-03T13:00:00.000Z
Elisa,Pereira,26,-204.87,SERVICO ONLINE,2026-05-25T12:21:00.000Z,100007,ELISA PEREIRA,TITULAR,2023-07-03T13:00:00.000Z
Elisa,Pereira,26,-1075.96,ACADEMIA,2026-05-26T23:11:00.000Z,100007,ELISA PEREIRA,TITULAR,2023-07-03T13:00:00.000Z
Elisa,Pereira,26,-452.05,PADARIA,2026-05-28T06:20:00.000Z,100007,ELISA PEREIRA,TITULAR,2023-07-03T13:00:00.000Z
Elisa,Pereira,26,-1323.14,DELIVERY,2026-05-29T17:10:00.000Z,100007,ELISA PEREIRA,TITULAR,2023-07-03T13:00:00.000Z
Elisa,Pereira,26,-699.23,CAFETERIA,2026-05-31T00:19:00.000Z,100007,ELISA PEREIRA,TITULAR,2023-07-03T13:00:00.000Z
Elisa,Pereira,26,-75.32,POSTO COMBUSTIVEL,2026-06-01T07:28:00.000Z,100007,ELISA PEREIRA,TITULAR,2023-07-03T13:00:00.000Z
Elisa,Pereira,26,-946.41,COMPRA SUPERMERCADO,2026-06-02T18:18:00.000Z,100007,ELISA PEREIRA,TITULAR,2023-07-03T13:00:00.000Z
Elisa,Pereira,26,-322.50,LOJA DE DEPARTAMENTO,2026-06-04T01:27:00.000Z,100007,ELISA PEREIRA,TITULAR,2023-07-03T13:00:00.000Z
Elisa,Pereira,26,-1193.59,LIVRARIA,2026-06-05T08:36:00.000Z,100007,ELISA PEREIRA,TITULAR,2023-07-03T13:00:00.000Z
Elisa,Pereira,26,-569.68,TRANSPORTE APLICATIVO,2026-06-06T19:26:00.000Z,100007,ELISA PEREIRA,TITULAR,2023-07-03T13:00:00.000Z
Elisa,Pereira,26,-1440.77,COMPRA VESTUARIO,2026-06-08T02:35:00.000Z,100007,ELISA PEREIRA,TITULAR,2023-07-03T13:00:00.000Z
Elisa,Pereira,26,-816.86,COMPRA ELETRONICOS,2026-06-09T09:44:00.000Z,100007,ELISA PEREIRA,TITULAR,2023-07-03T13:00:00.000Z
Elisa,Pereira,26,-192.95,COMPRA FARMACIA,2026-06-10T20:34:00.000Z,100007,ELISA PEREIRA,TITULAR,2023-07-03T13:00:00.000Z
Elisa,Pereira,26,-1064.04,CINEMA,2026-06-12T03:43:00.000Z,100007,ELISA PEREIRA,TITULAR,2023-07-03T13:00:00.000Z
Elisa,Pereira,26,-440.13,PET SHOP,2026-06-13T10:52:00.000Z,100007,ELISA PEREIRA,TITULAR,2023-07-03T13:00:00.000Z
Elisa,Pereira,26,-1311.22,ESTACIONAMENTO,2026-06-14T21:42:00.000Z,100007,ELISA PEREIRA,TITULAR,2023-07-03T13:00:00.000Z
Elisa,Pereira,26,-687.31,COMPRA ECOMMERCE,2026-06-16T04:51:00.000Z,100007,ELISA PEREIRA,TITULAR,2023-07-03T13:00:00.000Z
Elisa,Pereira,26,-63.40,ASSINATURA SOFTWARE,2026-06-17T12:00:00.000Z,100007,ELISA PEREIRA,TITULAR,2023-07-03T13:00:00.000Z
Elisa,Pereira,26,-934.49,RESTAURANTE,2026-06-18T22:50:00.000Z,100007,ELISA PEREIRA,TITULAR,2023-07-03T13:00:00.000Z
Elisa,Pereira,26,-310.58,ASSINATURA STREAMING,2026-06-20T05:59:00.000Z,100007,ELISA PEREIRA,TITULAR,2023-07-03T13:00:00.000Z
Elisa,Pereira,26,-1181.67,SERVICO ONLINE,2026-06-21T16:49:00.000Z,100007,ELISA PEREIRA,TITULAR,2023-07-03T13:00:00.000Z
Elisa,Pereira,26,-557.76,ACADEMIA,2026-06-22T23:58:00.000Z,100007,ELISA PEREIRA,TITULAR,2023-07-03T13:00:00.000Z
Elisa,Pereira,26,-1428.85,PADARIA,2026-06-24T07:07:00.000Z,100007,ELISA PEREIRA,TITULAR,2023-07-03T13:00:00.000Z
Elisa,Pereira,26,-804.94,DELIVERY,2026-06-25T17:57:00.000Z,100007,ELISA PEREIRA,TITULAR,2023-07-03T13:00:00.000Z
Elisa,Pereira,26,-181.03,CAFETERIA,2026-06-27T01:06:00.000Z,100007,ELISA PEREIRA,TITULAR,2023-07-03T13:00:00.000Z
Elisa,Pereira,26,-1052.12,POSTO COMBUSTIVEL,2026-06-28T08:15:00.000Z,100007,ELISA PEREIRA,TITULAR,2023-07-03T13:00:00.000Z
Elisa,Pereira,26,-428.21,COMPRA SUPERMERCADO,2026-06-29T19:05:00.000Z,100007,ELISA PEREIRA,TITULAR,2023-07-03T13:00:00.000Z
Elisa,Pereira,26,-1299.30,LOJA DE DEPARTAMENTO,2026-07-01T02:14:00.000Z,100007,ELISA PEREIRA,TITULAR,2023-07-03T13:00:00.000Z
Elisa,Pereira,26,-675.39,LIVRARIA,2026-07-02T09:23:00.000Z,100007,ELISA PEREIRA,TITULAR,2023-07-03T13:00:00.000Z
Elisa,Pereira,26,-51.48,TRANSPORTE APLICATIVO,2026-07-03T20:13:00.000Z,100007,ELISA PEREIRA,TITULAR,2023-07-03T13:00:00.000Z
Elisa,Pereira,26,-922.57,COMPRA VESTUARIO,2026-07-05T03:22:00.000Z,100007,ELISA PEREIRA,TITULAR,2023-07-03T13:00:00.000Z
Elisa,Pereira,26,-298.66,COMPRA ELETRONICOS,2026-07-06T10:31:00.000Z,100007,ELISA PEREIRA,TITULAR,2023-07-03T13:00:00.000Z
Elisa,Pereira,26,-1169.75,COMPRA FARMACIA,2026-07-07T21:21:00.000Z,100007,ELISA PEREIRA,TITULAR,2023-07-03T13:00:00.000Z
Elisa,Pereira,26,-545.84,CINEMA,2026-07-09T04:30:00.000Z,100007,ELISA PEREIRA,TITULAR,2023-07-03T13:00:00.000Z
Elisa,Pereira,26,-1416.93,PET SHOP,2026-07-10T11:39:00.000Z,100007,ELISA PEREIRA,TITULAR,2023-07-03T13:00:00.000Z
Elisa,Pereira,26,-793.02,ESTACIONAMENTO,2026-07-11T22:29:00.000Z,100007,ELISA PEREIRA,TITULAR,2023-07-03T13:00:00.000Z
Elisa,Pereira,26,-169.11,COMPRA ECOMMERCE,2026-07-13T05:38:00.000Z,100007,ELISA PEREIRA,TITULAR,2023-07-03T13:00:00.000Z
Elisa,Pereira,26,-1040.20,ASSINATURA SOFTWARE,2026-07-14T16:28:00.000Z,100007,ELISA PEREIRA,TITULAR,2023-07-03T13:00:00.000Z
Elisa,Pereira,26,-416.29,RESTAURANTE,2026-07-15T23:37:00.000Z,100007,ELISA PEREIRA,TITULAR,2023-07-03T13:00:00.000Z
Elisa,Pereira,26,-1287.38,ASSINATURA STREAMING,2026-07-17T06:46:00.000Z,100007,ELISA PEREIRA,TITULAR,2023-07-03T13:00:00.000Z
Elisa,Pereira,26,-663.47,SERVICO ONLINE,2026-07-18T17:36:00.000Z,100007,ELISA PEREIRA,TITULAR,2023-07-03T13:00:00.000Z
Elisa,Pereira,26,-39.56,ACADEMIA,2026-07-20T00:45:00.000Z,100007,ELISA PEREIRA,TITULAR,2023-07-03T13:00:00.000Z
Elisa,Pereira,26,-910.65,PADARIA,2026-07-21T07:54:00.000Z,100007,ELISA PEREIRA,TITULAR,2023-07-03T13:00:00.000Z
Elisa,Pereira,26,-286.74,DELIVERY,2026-07-22T18:44:00.000Z,100007,ELISA PEREIRA,TITULAR,2023-07-03T13:00:00.000Z
Elisa,Pereira,26,-1157.83,CAFETERIA,2026-07-24T01:53:00.000Z,100007,ELISA PEREIRA,TITULAR,2023-07-03T13:00:00.000Z
Elisa,Pereira,26,-533.92,POSTO COMBUSTIVEL,2026-07-25T09:02:00.000Z,100007,ELISA PEREIRA,TITULAR,2023-07-03T13:00:00.000Z
Elisa,Pereira,26,-1405.01,COMPRA SUPERMERCADO,2026-07-26T19:52:00.000Z,100007,ELISA PEREIRA,TITULAR,2023-07-03T13:00:00.000Z
Elisa,Pereira,26,-781.10,LOJA DE DEPARTAMENTO,2026-07-28T03:01:00.000Z,100007,ELISA PEREIRA,TITULAR,2023-07-03T13:00:00.000Z
Elisa,Pereira,26,-157.19,LIVRARIA,2026-07-29T10:10:00.000Z,100007,ELISA PEREIRA,TITULAR,2023-07-03T13:00:00.000Z
Elisa,Pereira,26,-1028.28,TRANSPORTE APLICATIVO,2026-07-30T21:00:00.000Z,100007,ELISA PEREIRA,TITULAR,2023-07-03T13:00:00.000Z
Elisa,Pereira,26,-404.37,COMPRA VESTUARIO,2026-08-01T04:09:00.000Z,100007,ELISA PEREIRA,TITULAR,2023-07-03T13:00:00.000Z
Elisa,Pereira,26,-1275.46,COMPRA ELETRONICOS,2026-08-02T11:18:00.000Z,100007,ELISA PEREIRA,TITULAR,2023-07-03T13:00:00.000Z
Elisa,Pereira,26,-651.55,COMPRA FARMACIA,2026-08-03T22:08:00.000Z,100007,ELISA PEREIRA,TITULAR,2023-07-03T13:00:00.000Z
Elisa,Pereira,26,-27.64,CINEMA,2026-08-05T05:17:00.000Z,100007,ELISA PEREIRA,TITULAR,2023-07-03T13:00:00.000Z
Elisa,Pereira,26,-898.73,PET SHOP,2026-08-06T16:07:00.000Z,100007,ELISA PEREIRA,TITULAR,2023-07-03T13:00:00.000Z
Elisa,Pereira,26,-274.82,ESTACIONAMENTO,2026-08-07T23:16:00.000Z,100007,ELISA PEREIRA,TITULAR,2023-07-03T13:00:00.000Z
Elisa,Pereira,26,-1145.91,COMPRA ECOMMERCE,2026-08-09T06:25:00.000Z,100007,ELISA PEREIRA,TITULAR,2023-07-03T13:00:00.000Z
Elisa,Pereira,26,-522.00,ASSINATURA SOFTWARE,2026-08-10T17:15:00.000Z,100007,ELISA PEREIRA,TITULAR,2023-07-03T13:00:00.000Z
Elisa,Pereira,26,-1393.09,RESTAURANTE,2026-08-12T00:24:00.000Z,100007,ELISA PEREIRA,TITULAR,2023-07-03T13:00:00.000Z
Elisa,Pereira,26,-769.18,ASSINATURA STREAMING,2026-08-13T07:33:00.000Z,100007,ELISA PEREIRA,TITULAR,2023-07-03T13:00:00.000Z
Elisa,Pereira,26,-145.27,SERVICO ONLINE,2026-08-14T18:23:00.000Z,100007,ELISA PEREIRA,TITULAR,2023-07-03T13:00:00.000Z
Elisa,Pereira,26,-1016.36,ACADEMIA,2026-08-16T01:32:00.000Z,100007,ELISA PEREIRA,TITULAR,2023-07-03T13:00:00.000Z
Elisa,Pereira,26,-392.45,PADARIA,2026-08-17T08:41:00.000Z,100007,ELISA PEREIRA,TITULAR,2023-07-03T13:00:00.000Z
Elisa,Pereira,26,-1263.54,DELIVERY,2026-08-18T19:31:00.000Z,100007,ELISA PEREIRA,TITULAR,2023-07-03T13:00:00.000Z
Elisa,Pereira,26,-639.63,CAFETERIA,2026-08-20T02:40:00.000Z,100007,ELISA PEREIRA,TITULAR,2023-07-03T13:00:00.000Z
Elisa,Pereira,26,-15.72,POSTO COMBUSTIVEL,2026-08-21T09:49:00.000Z,100007,ELISA PEREIRA,TITULAR,2023-07-03T13:00:00.000Z
Elisa,Pereira,26,-886.81,COMPRA SUPERMERCADO,2026-08-22T20:39:00.000Z,100007,ELISA PEREIRA,TITULAR,2023-07-03T13:00:00.000Z
Elisa,Pereira,26,-262.90,LOJA DE DEPARTAMENTO,2026-08-24T03:48:00.000Z,100007,ELISA PEREIRA,TITULAR,2023-07-03T13:00:00.000Z
Elisa,Pereira,26,-1133.99,LIVRARIA,2026-08-25T10:57:00.000Z,100007,ELISA PEREIRA,TITULAR,2023-07-03T13:00:00.000Z
Elisa,Pereira,26,-510.08,TRANSPORTE APLICATIVO,2026-08-26T21:47:00.000Z,100007,ELISA PEREIRA,TITULAR,2023-07-03T13:00:00.000Z
Elisa,Pereira,26,-1381.17,COMPRA VESTUARIO,2026-08-28T04:56:00.000Z,100007,ELISA PEREIRA,TITULAR,2023-07-03T13:00:00.000Z
Elisa,Pereira,26,-757.26,COMPRA ELETRONICOS,2026-08-29T15:46:00.000Z,100007,ELISA PEREIRA,TITULAR,2023-07-03T13:00:00.000Z
Elisa,Pereira,26,-133.35,COMPRA FARMACIA,2026-08-30T22:55:00.000Z,100007,ELISA PEREIRA,TITULAR,2023-07-03T13:00:00.000Z
Elisa,Pereira,26,-1004.44,CINEMA,2026-09-01T06:04:00.000Z,100007,ELISA PEREIRA,TITULAR,2023-07-03T13:00:00.000Z
Elisa,Pereira,26,-380.53,PET SHOP,2026-09-02T16:54:00.000Z,100007,ELISA PEREIRA,TITULAR,2023-07-03T13:00:00.000Z
Elisa,Pereira,26,-1251.62,ESTACIONAMENTO,2026-09-04T00:03:00.000Z,100007,ELISA PEREIRA,TITULAR,2023-07-03T13:00:00.000Z
Felipe,Rodrigues,54,-638.52,RESTAURANTE,2026-01-02T09:20:00.000Z,100008,FELIPE RODRIGUES,TITULAR,2019-09-27T09:10:00.000Z
Felipe,Rodrigues,54,-14.61,ASSINATURA STREAMING,2026-01-03T16:29:00.000Z,100008,FELIPE RODRIGUES,TITULAR,2019-09-27T09:10:00.000Z
Felipe,Rodrigues,54,-885.70,SERVICO ONLINE,2026-01-05T03:19:00.000Z,100008,FELIPE RODRIGUES,TITULAR,2019-09-27T09:10:00.000Z
Felipe,Rodrigues,54,-261.79,ACADEMIA,2026-01-06T10:28:00.000Z,100008,FELIPE RODRIGUES,TITULAR,2019-09-27T09:10:00.000Z
Felipe,Rodrigues,54,-1132.88,PADARIA,2026-01-07T17:37:00.000Z,100008,FELIPE RODRIGUES,TITULAR,2019-09-27T09:10:00.000Z
Felipe,Rodrigues,54,-508.97,DELIVERY,2026-01-09T04:27:00.000Z,100008,FELIPE RODRIGUES,TITULAR,2019-09-27T09:10:00.000Z
Felipe,Rodrigues,54,-1380.06,CAFETERIA,2026-01-10T11:36:00.000Z,100008,FELIPE RODRIGUES,TITULAR,2019-09-27T09:10:00.000Z
Felipe,Rodrigues,54,-756.15,POSTO COMBUSTIVEL,2026-01-11T18:45:00.000Z,100008,FELIPE RODRIGUES,TITULAR,2019-09-27T09:10:00.000Z
Felipe,Rodrigues,54,-132.24,COMPRA SUPERMERCADO,2026-01-13T05:35:00.000Z,100008,FELIPE RODRIGUES,TITULAR,2019-09-27T09:10:00.000Z
Felipe,Rodrigues,54,-1003.33,LOJA DE DEPARTAMENTO,2026-01-14T12:44:00.000Z,100008,FELIPE RODRIGUES,TITULAR,2019-09-27T09:10:00.000Z
Felipe,Rodrigues,54,-379.42,LIVRARIA,2026-01-15T23:34:00.000Z,100008,FELIPE RODRIGUES,TITULAR,2019-09-27T09:10:00.000Z
Felipe,Rodrigues,54,-1250.51,TRANSPORTE APLICATIVO,2026-01-17T06:43:00.000Z,100008,FELIPE RODRIGUES,TITULAR,2019-09-27T09:10:00.000Z
Felipe,Rodrigues,54,-626.60,COMPRA VESTUARIO,2026-01-18T13:52:00.000Z,100008,FELIPE RODRIGUES,TITULAR,2019-09-27T09:10:00.000Z
Felipe,Rodrigues,54,-1497.69,COMPRA ELETRONICOS,2026-01-20T00:42:00.000Z,100008,FELIPE RODRIGUES,TITULAR,2019-09-27T09:10:00.000Z
Felipe,Rodrigues,54,-873.78,COMPRA FARMACIA,2026-01-21T07:51:00.000Z,100008,FELIPE RODRIGUES,TITULAR,2019-09-27T09:10:00.000Z
Felipe,Rodrigues,54,-249.87,CINEMA,2026-01-22T15:00:00.000Z,100008,FELIPE RODRIGUES,TITULAR,2019-09-27T09:10:00.000Z
Felipe,Rodrigues,54,-1120.96,PET SHOP,2026-01-24T01:50:00.000Z,100008,FELIPE RODRIGUES,TITULAR,2019-09-27T09:10:00.000Z
Felipe,Rodrigues,54,-497.05,ESTACIONAMENTO,2026-01-25T08:59:00.000Z,100008,FELIPE RODRIGUES,TITULAR,2019-09-27T09:10:00.000Z
Felipe,Rodrigues,54,-1368.14,COMPRA ECOMMERCE,2026-01-26T16:08:00.000Z,100008,FELIPE RODRIGUES,TITULAR,2019-09-27T09:10:00.000Z
Felipe,Rodrigues,54,-744.23,ASSINATURA SOFTWARE,2026-01-28T02:58:00.000Z,100008,FELIPE RODRIGUES,TITULAR,2019-09-27T09:10:00.000Z
Felipe,Rodrigues,54,-120.32,RESTAURANTE,2026-01-29T10:07:00.000Z,100008,FELIPE RODRIGUES,TITULAR,2019-09-27T09:10:00.000Z
Felipe,Rodrigues,54,-991.41,ASSINATURA STREAMING,2026-01-30T17:16:00.000Z,100008,FELIPE RODRIGUES,TITULAR,2019-09-27T09:10:00.000Z
Felipe,Rodrigues,54,-367.50,SERVICO ONLINE,2026-02-01T04:06:00.000Z,100008,FELIPE RODRIGUES,TITULAR,2019-09-27T09:10:00.000Z
Felipe,Rodrigues,54,-1238.59,ACADEMIA,2026-02-02T11:15:00.000Z,100008,FELIPE RODRIGUES,TITULAR,2019-09-27T09:10:00.000Z
Felipe,Rodrigues,54,-614.68,PADARIA,2026-02-03T18:24:00.000Z,100008,FELIPE RODRIGUES,TITULAR,2019-09-27T09:10:00.000Z
Felipe,Rodrigues,54,-1485.77,DELIVERY,2026-02-05T05:14:00.000Z,100008,FELIPE RODRIGUES,TITULAR,2019-09-27T09:10:00.000Z
Felipe,Rodrigues,54,-861.86,CAFETERIA,2026-02-06T12:23:00.000Z,100008,FELIPE RODRIGUES,TITULAR,2019-09-27T09:10:00.000Z
Felipe,Rodrigues,54,-237.95,POSTO COMBUSTIVEL,2026-02-07T23:13:00.000Z,100008,FELIPE RODRIGUES,TITULAR,2019-09-27T09:10:00.000Z
Felipe,Rodrigues,54,-1109.04,COMPRA SUPERMERCADO,2026-02-09T06:22:00.000Z,100008,FELIPE RODRIGUES,TITULAR,2019-09-27T09:10:00.000Z
Felipe,Rodrigues,54,-485.13,LOJA DE DEPARTAMENTO,2026-02-10T13:31:00.000Z,100008,FELIPE RODRIGUES,TITULAR,2019-09-27T09:10:00.000Z
Felipe,Rodrigues,54,-1356.22,LIVRARIA,2026-02-12T00:21:00.000Z,100008,FELIPE RODRIGUES,TITULAR,2019-09-27T09:10:00.000Z
Felipe,Rodrigues,54,-732.31,TRANSPORTE APLICATIVO,2026-02-13T07:30:00.000Z,100008,FELIPE RODRIGUES,TITULAR,2019-09-27T09:10:00.000Z
Felipe,Rodrigues,54,-108.40,COMPRA VESTUARIO,2026-02-14T14:39:00.000Z,100008,FELIPE RODRIGUES,TITULAR,2019-09-27T09:10:00.000Z
Felipe,Rodrigues,54,-979.49,COMPRA ELETRONICOS,2026-02-16T01:29:00.000Z,100008,FELIPE RODRIGUES,TITULAR,2019-09-27T09:10:00.000Z
Felipe,Rodrigues,54,-355.58,COMPRA FARMACIA,2026-02-17T08:38:00.000Z,100008,FELIPE RODRIGUES,TITULAR,2019-09-27T09:10:00.000Z
Felipe,Rodrigues,54,-1226.67,CINEMA,2026-02-18T15:47:00.000Z,100008,FELIPE RODRIGUES,TITULAR,2019-09-27T09:10:00.000Z
Felipe,Rodrigues,54,-602.76,PET SHOP,2026-02-20T02:37:00.000Z,100008,FELIPE RODRIGUES,TITULAR,2019-09-27T09:10:00.000Z
Felipe,Rodrigues,54,-1473.85,ESTACIONAMENTO,2026-02-21T09:46:00.000Z,100008,FELIPE RODRIGUES,TITULAR,2019-09-27T09:10:00.000Z
Felipe,Rodrigues,54,-849.94,COMPRA ECOMMERCE,2026-02-22T16:55:00.000Z,100008,FELIPE RODRIGUES,TITULAR,2019-09-27T09:10:00.000Z
Felipe,Rodrigues,54,-226.03,ASSINATURA SOFTWARE,2026-02-24T03:45:00.000Z,100008,FELIPE RODRIGUES,TITULAR,2019-09-27T09:10:00.000Z
Felipe,Rodrigues,54,-1097.12,RESTAURANTE,2026-02-25T10:54:00.000Z,100008,FELIPE RODRIGUES,TITULAR,2019-09-27T09:10:00.000Z
Felipe,Rodrigues,54,-473.21,ASSINATURA STREAMING,2026-02-26T18:03:00.000Z,100008,FELIPE RODRIGUES,TITULAR,2019-09-27T09:10:00.000Z
Felipe,Rodrigues,54,-1344.30,SERVICO ONLINE,2026-02-28T04:53:00.000Z,100008,FELIPE RODRIGUES,TITULAR,2019-09-27T09:10:00.000Z
Felipe,Rodrigues,54,-720.39,ACADEMIA,2026-03-01T12:02:00.000Z,100008,FELIPE RODRIGUES,TITULAR,2019-09-27T09:10:00.000Z
Felipe,Rodrigues,54,-96.48,PADARIA,2026-03-02T22:52:00.000Z,100008,FELIPE RODRIGUES,TITULAR,2019-09-27T09:10:00.000Z
Felipe,Rodrigues,54,-967.57,DELIVERY,2026-03-04T06:01:00.000Z,100008,FELIPE RODRIGUES,TITULAR,2019-09-27T09:10:00.000Z
Felipe,Rodrigues,54,-343.66,CAFETERIA,2026-03-05T13:10:00.000Z,100008,FELIPE RODRIGUES,TITULAR,2019-09-27T09:10:00.000Z
Felipe,Rodrigues,54,-1214.75,POSTO COMBUSTIVEL,2026-03-07T00:00:00.000Z,100008,FELIPE RODRIGUES,TITULAR,2019-09-27T09:10:00.000Z
Felipe,Rodrigues,54,-590.84,COMPRA SUPERMERCADO,2026-03-08T07:09:00.000Z,100008,FELIPE RODRIGUES,TITULAR,2019-09-27T09:10:00.000Z
Felipe,Rodrigues,54,-1461.93,LOJA DE DEPARTAMENTO,2026-03-09T14:18:00.000Z,100008,FELIPE RODRIGUES,TITULAR,2019-09-27T09:10:00.000Z
Felipe,Rodrigues,54,-838.02,LIVRARIA,2026-03-11T01:08:00.000Z,100008,FELIPE RODRIGUES,TITULAR,2019-09-27T09:10:00.000Z
Felipe,Rodrigues,54,-214.11,TRANSPORTE APLICATIVO,2026-03-12T08:17:00.000Z,100008,FELIPE RODRIGUES,TITULAR,2019-09-27T09:10:00.000Z
Felipe,Rodrigues,54,-1085.20,COMPRA VESTUARIO,2026-03-13T15:26:00.000Z,100008,FELIPE RODRIGUES,TITULAR,2019-09-27T09:10:00.000Z
Felipe,Rodrigues,54,-461.29,COMPRA ELETRONICOS,2026-03-15T02:16:00.000Z,100008,FELIPE RODRIGUES,TITULAR,2019-09-27T09:10:00.000Z
Felipe,Rodrigues,54,-1332.38,COMPRA FARMACIA,2026-03-16T09:25:00.000Z,100008,FELIPE RODRIGUES,TITULAR,2019-09-27T09:10:00.000Z
Felipe,Rodrigues,54,-708.47,CINEMA,2026-03-17T16:34:00.000Z,100008,FELIPE RODRIGUES,TITULAR,2019-09-27T09:10:00.000Z
Felipe,Rodrigues,54,-84.56,PET SHOP,2026-03-19T03:24:00.000Z,100008,FELIPE RODRIGUES,TITULAR,2019-09-27T09:10:00.000Z
Felipe,Rodrigues,54,-955.65,ESTACIONAMENTO,2026-03-20T10:33:00.000Z,100008,FELIPE RODRIGUES,TITULAR,2019-09-27T09:10:00.000Z
Felipe,Rodrigues,54,-331.74,COMPRA ECOMMERCE,2026-03-21T17:42:00.000Z,100008,FELIPE RODRIGUES,TITULAR,2019-09-27T09:10:00.000Z
Felipe,Rodrigues,54,-1202.83,ASSINATURA SOFTWARE,2026-03-23T04:32:00.000Z,100008,FELIPE RODRIGUES,TITULAR,2019-09-27T09:10:00.000Z
Felipe,Rodrigues,54,-578.92,RESTAURANTE,2026-03-24T11:41:00.000Z,100008,FELIPE RODRIGUES,TITULAR,2019-09-27T09:10:00.000Z
Felipe,Rodrigues,54,-1450.01,ASSINATURA STREAMING,2026-03-25T22:31:00.000Z,100008,FELIPE RODRIGUES,TITULAR,2019-09-27T09:10:00.000Z
Felipe,Rodrigues,54,-826.10,SERVICO ONLINE,2026-03-27T05:40:00.000Z,100008,FELIPE RODRIGUES,TITULAR,2019-09-27T09:10:00.000Z
Felipe,Rodrigues,54,-202.19,ACADEMIA,2026-03-28T12:49:00.000Z,100008,FELIPE RODRIGUES,TITULAR,2019-09-27T09:10:00.000Z
Felipe,Rodrigues,54,-1073.28,PADARIA,2026-03-29T23:39:00.000Z,100008,FELIPE RODRIGUES,TITULAR,2019-09-27T09:10:00.000Z
Felipe,Rodrigues,54,-449.37,DELIVERY,2026-03-31T06:48:00.000Z,100008,FELIPE RODRIGUES,TITULAR,2019-09-27T09:10:00.000Z
Felipe,Rodrigues,54,-1320.46,CAFETERIA,2026-04-01T13:57:00.000Z,100008,FELIPE RODRIGUES,TITULAR,2019-09-27T09:10:00.000Z
Felipe,Rodrigues,54,-696.55,POSTO COMBUSTIVEL,2026-04-03T00:47:00.000Z,100008,FELIPE RODRIGUES,TITULAR,2019-09-27T09:10:00.000Z
Felipe,Rodrigues,54,-72.64,COMPRA SUPERMERCADO,2026-04-04T07:56:00.000Z,100008,FELIPE RODRIGUES,TITULAR,2019-09-27T09:10:00.000Z
Felipe,Rodrigues,54,-943.73,LOJA DE DEPARTAMENTO,2026-04-05T15:05:00.000Z,100008,FELIPE RODRIGUES,TITULAR,2019-09-27T09:10:00.000Z
Felipe,Rodrigues,54,-319.82,LIVRARIA,2026-04-07T01:55:00.000Z,100008,FELIPE RODRIGUES,TITULAR,2019-09-27T09:10:00.000Z
Felipe,Rodrigues,54,-1190.91,TRANSPORTE APLICATIVO,2026-04-08T09:04:00.000Z,100008,FELIPE RODRIGUES,TITULAR,2019-09-27T09:10:00.000Z
Felipe,Rodrigues,54,-567.00,COMPRA VESTUARIO,2026-04-09T16:13:00.000Z,100008,FELIPE RODRIGUES,TITULAR,2019-09-27T09:10:00.000Z
Felipe,Rodrigues,54,-1438.09,COMPRA ELETRONICOS,2026-04-11T03:03:00.000Z,100008,FELIPE RODRIGUES,TITULAR,2019-09-27T09:10:00.000Z
Felipe,Rodrigues,54,-814.18,COMPRA FARMACIA,2026-04-12T10:12:00.000Z,100008,FELIPE RODRIGUES,TITULAR,2019-09-27T09:10:00.000Z
Felipe,Rodrigues,54,-190.27,CINEMA,2026-04-13T17:21:00.000Z,100008,FELIPE RODRIGUES,TITULAR,2019-09-27T09:10:00.000Z
Felipe,Rodrigues,54,-1061.36,PET SHOP,2026-04-15T04:11:00.000Z,100008,FELIPE RODRIGUES,TITULAR,2019-09-27T09:10:00.000Z
Felipe,Rodrigues,54,-437.45,ESTACIONAMENTO,2026-04-16T11:20:00.000Z,100008,FELIPE RODRIGUES,TITULAR,2019-09-27T09:10:00.000Z
Felipe,Rodrigues,54,-1308.54,COMPRA ECOMMERCE,2026-04-17T22:10:00.000Z,100008,FELIPE RODRIGUES,TITULAR,2019-09-27T09:10:00.000Z
Felipe,Rodrigues,54,-684.63,ASSINATURA SOFTWARE,2026-04-19T05:19:00.000Z,100008,FELIPE RODRIGUES,TITULAR,2019-09-27T09:10:00.000Z
Felipe,Rodrigues,54,-60.72,RESTAURANTE,2026-04-20T12:28:00.000Z,100008,FELIPE RODRIGUES,TITULAR,2019-09-27T09:10:00.000Z
Felipe,Rodrigues,54,-931.81,ASSINATURA STREAMING,2026-04-21T23:18:00.000Z,100008,FELIPE RODRIGUES,TITULAR,2019-09-27T09:10:00.000Z
Felipe,Rodrigues,54,-307.90,SERVICO ONLINE,2026-04-23T06:27:00.000Z,100008,FELIPE RODRIGUES,TITULAR,2019-09-27T09:10:00.000Z
Felipe,Rodrigues,54,-1178.99,ACADEMIA,2026-04-24T13:36:00.000Z,100008,FELIPE RODRIGUES,TITULAR,2019-09-27T09:10:00.000Z
Felipe,Rodrigues,54,-555.08,PADARIA,2026-04-26T00:26:00.000Z,100008,FELIPE RODRIGUES,TITULAR,2019-09-27T09:10:00.000Z
Felipe,Rodrigues,54,-1426.17,DELIVERY,2026-04-27T07:35:00.000Z,100008,FELIPE RODRIGUES,TITULAR,2019-09-27T09:10:00.000Z
Felipe,Rodrigues,54,-802.26,CAFETERIA,2026-04-28T14:44:00.000Z,100008,FELIPE RODRIGUES,TITULAR,2019-09-27T09:10:00.000Z
Felipe,Rodrigues,54,-178.35,POSTO COMBUSTIVEL,2026-04-30T01:34:00.000Z,100008,FELIPE RODRIGUES,TITULAR,2019-09-27T09:10:00.000Z
Felipe,Rodrigues,54,-1049.44,COMPRA SUPERMERCADO,2026-05-01T08:43:00.000Z,100008,FELIPE RODRIGUES,TITULAR,2019-09-27T09:10:00.000Z
Felipe,Rodrigues,54,-425.53,LOJA DE DEPARTAMENTO,2026-05-02T15:52:00.000Z,100008,FELIPE RODRIGUES,TITULAR,2019-09-27T09:10:00.000Z
Felipe,Rodrigues,54,-1296.62,LIVRARIA,2026-05-04T02:42:00.000Z,100008,FELIPE RODRIGUES,TITULAR,2019-09-27T09:10:00.000Z
Felipe,Rodrigues,54,-672.71,TRANSPORTE APLICATIVO,2026-05-05T09:51:00.000Z,100008,FELIPE RODRIGUES,TITULAR,2019-09-27T09:10:00.000Z
Felipe,Rodrigues,54,-48.80,COMPRA VESTUARIO,2026-05-06T17:00:00.000Z,100008,FELIPE RODRIGUES,TITULAR,2019-09-27T09:10:00.000Z
Felipe,Rodrigues,54,-919.89,COMPRA ELETRONICOS,2026-05-08T03:50:00.000Z,100008,FELIPE RODRIGUES,TITULAR,2019-09-27T09:10:00.000Z
Felipe,Rodrigues,54,-295.98,COMPRA FARMACIA,2026-05-09T10:59:00.000Z,100008,FELIPE RODRIGUES,TITULAR,2019-09-27T09:10:00.000Z
Felipe,Rodrigues,54,-1167.07,CINEMA,2026-05-10T21:49:00.000Z,100008,FELIPE RODRIGUES,TITULAR,2019-09-27T09:10:00.000Z
Felipe,Rodrigues,54,-543.16,PET SHOP,2026-05-12T04:58:00.000Z,100008,FELIPE RODRIGUES,TITULAR,2019-09-27T09:10:00.000Z
Felipe,Rodrigues,54,-1414.25,ESTACIONAMENTO,2026-05-13T12:07:00.000Z,100008,FELIPE RODRIGUES,TITULAR,2019-09-27T09:10:00.000Z
Felipe,Rodrigues,54,-790.34,COMPRA ECOMMERCE,2026-05-14T22:57:00.000Z,100008,FELIPE RODRIGUES,TITULAR,2019-09-27T09:10:00.000Z
Felipe,Rodrigues,54,-166.43,ASSINATURA SOFTWARE,2026-05-16T06:06:00.000Z,100008,FELIPE RODRIGUES,TITULAR,2019-09-27T09:10:00.000Z
Felipe,Rodrigues,54,-1037.52,RESTAURANTE,2026-05-17T13:15:00.000Z,100008,FELIPE RODRIGUES,TITULAR,2019-09-27T09:10:00.000Z
Felipe,Rodrigues,54,-413.61,ASSINATURA STREAMING,2026-05-19T00:05:00.000Z,100008,FELIPE RODRIGUES,TITULAR,2019-09-27T09:10:00.000Z
Felipe,Rodrigues,54,-1284.70,SERVICO ONLINE,2026-05-20T07:14:00.000Z,100008,FELIPE RODRIGUES,TITULAR,2019-09-27T09:10:00.000Z
Felipe,Rodrigues,54,-660.79,ACADEMIA,2026-05-21T14:23:00.000Z,100008,FELIPE RODRIGUES,TITULAR,2019-09-27T09:10:00.000Z
Felipe,Rodrigues,54,-36.88,PADARIA,2026-05-23T01:13:00.000Z,100008,FELIPE RODRIGUES,TITULAR,2019-09-27T09:10:00.000Z
Felipe,Rodrigues,54,-907.97,DELIVERY,2026-05-24T08:22:00.000Z,100008,FELIPE RODRIGUES,TITULAR,2019-09-27T09:10:00.000Z
Felipe,Rodrigues,54,-284.06,CAFETERIA,2026-05-25T15:31:00.000Z,100008,FELIPE RODRIGUES,TITULAR,2019-09-27T09:10:00.000Z
Felipe,Rodrigues,54,-1155.15,POSTO COMBUSTIVEL,2026-05-27T02:21:00.000Z,100008,FELIPE RODRIGUES,TITULAR,2019-09-27T09:10:00.000Z
Felipe,Rodrigues,54,-531.24,COMPRA SUPERMERCADO,2026-05-28T09:30:00.000Z,100008,FELIPE RODRIGUES,TITULAR,2019-09-27T09:10:00.000Z
Felipe,Rodrigues,54,-1402.33,LOJA DE DEPARTAMENTO,2026-05-29T16:39:00.000Z,100008,FELIPE RODRIGUES,TITULAR,2019-09-27T09:10:00.000Z
Felipe,Rodrigues,54,-778.42,LIVRARIA,2026-05-31T03:29:00.000Z,100008,FELIPE RODRIGUES,TITULAR,2019-09-27T09:10:00.000Z
Felipe,Rodrigues,54,-154.51,TRANSPORTE APLICATIVO,2026-06-01T10:38:00.000Z,100008,FELIPE RODRIGUES,TITULAR,2019-09-27T09:10:00.000Z
Felipe,Rodrigues,54,-1025.60,COMPRA VESTUARIO,2026-06-02T21:28:00.000Z,100008,FELIPE RODRIGUES,TITULAR,2019-09-27T09:10:00.000Z
Felipe,Rodrigues,54,-401.69,COMPRA ELETRONICOS,2026-06-04T04:37:00.000Z,100008,FELIPE RODRIGUES,TITULAR,2019-09-27T09:10:00.000Z
Felipe,Rodrigues,54,-1272.78,COMPRA FARMACIA,2026-06-05T11:46:00.000Z,100008,FELIPE RODRIGUES,TITULAR,2019-09-27T09:10:00.000Z
Felipe,Rodrigues,54,-648.87,CINEMA,2026-06-06T22:36:00.000Z,100008,FELIPE RODRIGUES,TITULAR,2019-09-27T09:10:00.000Z
Felipe,Rodrigues,54,-24.96,PET SHOP,2026-06-08T05:45:00.000Z,100008,FELIPE RODRIGUES,TITULAR,2019-09-27T09:10:00.000Z
Felipe,Rodrigues,54,-896.05,ESTACIONAMENTO,2026-06-09T12:54:00.000Z,100008,FELIPE RODRIGUES,TITULAR,2019-09-27T09:10:00.000Z
Felipe,Rodrigues,54,-272.14,COMPRA ECOMMERCE,2026-06-10T23:44:00.000Z,100008,FELIPE RODRIGUES,TITULAR,2019-09-27T09:10:00.000Z
Felipe,Rodrigues,54,-1143.23,ASSINATURA SOFTWARE,2026-06-12T06:53:00.000Z,100008,FELIPE RODRIGUES,TITULAR,2019-09-27T09:10:00.000Z
Felipe,Rodrigues,54,-519.32,RESTAURANTE,2026-06-13T14:02:00.000Z,100008,FELIPE RODRIGUES,TITULAR,2019-09-27T09:10:00.000Z
Felipe,Rodrigues,54,-1390.41,ASSINATURA STREAMING,2026-06-15T00:52:00.000Z,100008,FELIPE RODRIGUES,TITULAR,2019-09-27T09:10:00.000Z
Felipe,Rodrigues,54,-766.50,SERVICO ONLINE,2026-06-16T08:01:00.000Z,100008,FELIPE RODRIGUES,TITULAR,2019-09-27T09:10:00.000Z
Felipe,Rodrigues,54,-142.59,ACADEMIA,2026-06-17T15:10:00.000Z,100008,FELIPE RODRIGUES,TITULAR,2019-09-27T09:10:00.000Z
Felipe,Rodrigues,54,-1013.68,PADARIA,2026-06-19T02:00:00.000Z,100008,FELIPE RODRIGUES,TITULAR,2019-09-27T09:10:00.000Z
Felipe,Rodrigues,54,-389.77,DELIVERY,2026-06-20T09:09:00.000Z,100008,FELIPE RODRIGUES,TITULAR,2019-09-27T09:10:00.000Z
Felipe,Rodrigues,54,-1260.86,CAFETERIA,2026-06-21T16:18:00.000Z,100008,FELIPE RODRIGUES,TITULAR,2019-09-27T09:10:00.000Z
Felipe,Rodrigues,54,-636.95,POSTO COMBUSTIVEL,2026-06-23T03:08:00.000Z,100008,FELIPE RODRIGUES,TITULAR,2019-09-27T09:10:00.000Z
Felipe,Rodrigues,54,-13.04,COMPRA SUPERMERCADO,2026-06-24T10:17:00.000Z,100008,FELIPE RODRIGUES,TITULAR,2019-09-27T09:10:00.000Z
Felipe,Rodrigues,54,-884.13,LOJA DE DEPARTAMENTO,2026-06-25T21:07:00.000Z,100008,FELIPE RODRIGUES,TITULAR,2019-09-27T09:10:00.000Z
Felipe,Rodrigues,54,-260.22,LIVRARIA,2026-06-27T04:16:00.000Z,100008,FELIPE RODRIGUES,TITULAR,2019-09-27T09:10:00.000Z
Felipe,Rodrigues,54,-1131.31,TRANSPORTE APLICATIVO,2026-06-28T11:25:00.000Z,100008,FELIPE RODRIGUES,TITULAR,2019-09-27T09:10:00.000Z
Felipe,Rodrigues,54,-507.40,COMPRA VESTUARIO,2026-06-29T22:15:00.000Z,100008,FELIPE RODRIGUES,TITULAR,2019-09-27T09:10:00.000Z
Felipe,Rodrigues,54,-1378.49,COMPRA ELETRONICOS,2026-07-01T05:24:00.000Z,100008,FELIPE RODRIGUES,TITULAR,2019-09-27T09:10:00.000Z
Felipe,Rodrigues,54,-754.58,COMPRA FARMACIA,2026-07-02T12:33:00.000Z,100008,FELIPE RODRIGUES,TITULAR,2019-09-27T09:10:00.000Z
Felipe,Rodrigues,54,-130.67,CINEMA,2026-07-03T23:23:00.000Z,100008,FELIPE RODRIGUES,TITULAR,2019-09-27T09:10:00.000Z
Felipe,Rodrigues,54,-1001.76,PET SHOP,2026-07-05T06:32:00.000Z,100008,FELIPE RODRIGUES,TITULAR,2019-09-27T09:10:00.000Z
Felipe,Rodrigues,54,-377.85,ESTACIONAMENTO,2026-07-06T13:41:00.000Z,100008,FELIPE RODRIGUES,TITULAR,2019-09-27T09:10:00.000Z
Felipe,Rodrigues,54,-1248.94,COMPRA ECOMMERCE,2026-07-08T00:31:00.000Z,100008,FELIPE RODRIGUES,TITULAR,2019-09-27T09:10:00.000Z
Felipe,Rodrigues,54,-625.03,ASSINATURA SOFTWARE,2026-07-09T07:40:00.000Z,100008,FELIPE RODRIGUES,TITULAR,2019-09-27T09:10:00.000Z
Felipe,Rodrigues,54,-1496.12,RESTAURANTE,2026-07-10T14:49:00.000Z,100008,FELIPE RODRIGUES,TITULAR,2019-09-27T09:10:00.000Z
Felipe,Rodrigues,54,-872.21,ASSINATURA STREAMING,2026-07-12T01:39:00.000Z,100008,FELIPE RODRIGUES,TITULAR,2019-09-27T09:10:00.000Z
Felipe,Rodrigues,54,-248.30,SERVICO ONLINE,2026-07-13T08:48:00.000Z,100008,FELIPE RODRIGUES,TITULAR,2019-09-27T09:10:00.000Z
Felipe,Rodrigues,54,-1119.39,ACADEMIA,2026-07-14T15:57:00.000Z,100008,FELIPE RODRIGUES,TITULAR,2019-09-27T09:10:00.000Z
Felipe,Rodrigues,54,-495.48,PADARIA,2026-07-16T02:47:00.000Z,100008,FELIPE RODRIGUES,TITULAR,2019-09-27T09:10:00.000Z
Felipe,Rodrigues,54,-1366.57,DELIVERY,2026-07-17T09:56:00.000Z,100008,FELIPE RODRIGUES,TITULAR,2019-09-27T09:10:00.000Z
Felipe,Rodrigues,54,-742.66,CAFETERIA,2026-07-18T20:46:00.000Z,100008,FELIPE RODRIGUES,TITULAR,2019-09-27T09:10:00.000Z
Felipe,Rodrigues,54,-118.75,POSTO COMBUSTIVEL,2026-07-20T03:55:00.000Z,100008,FELIPE RODRIGUES,TITULAR,2019-09-27T09:10:00.000Z
Felipe,Rodrigues,54,-989.84,COMPRA SUPERMERCADO,2026-07-21T11:04:00.000Z,100008,FELIPE RODRIGUES,TITULAR,2019-09-27T09:10:00.000Z
Felipe,Rodrigues,54,-365.93,LOJA DE DEPARTAMENTO,2026-07-22T21:54:00.000Z,100008,FELIPE RODRIGUES,TITULAR,2019-09-27T09:10:00.000Z
Felipe,Rodrigues,54,-1237.02,LIVRARIA,2026-07-24T05:03:00.000Z,100008,FELIPE RODRIGUES,TITULAR,2019-09-27T09:10:00.000Z
Felipe,Rodrigues,54,-613.11,TRANSPORTE APLICATIVO,2026-07-25T12:12:00.000Z,100008,FELIPE RODRIGUES,TITULAR,2019-09-27T09:10:00.000Z
Felipe,Rodrigues,54,-1484.20,COMPRA VESTUARIO,2026-07-26T23:02:00.000Z,100008,FELIPE RODRIGUES,TITULAR,2019-09-27T09:10:00.000Z
Felipe,Rodrigues,54,-860.29,COMPRA ELETRONICOS,2026-07-28T06:11:00.000Z,100008,FELIPE RODRIGUES,TITULAR,2019-09-27T09:10:00.000Z
Felipe,Rodrigues,54,-236.38,COMPRA FARMACIA,2026-07-29T13:20:00.000Z,100008,FELIPE RODRIGUES,TITULAR,2019-09-27T09:10:00.000Z
Felipe,Rodrigues,54,-1107.47,CINEMA,2026-07-31T00:10:00.000Z,100008,FELIPE RODRIGUES,TITULAR,2019-09-27T09:10:00.000Z
Felipe,Rodrigues,54,-483.56,PET SHOP,2026-08-01T07:19:00.000Z,100008,FELIPE RODRIGUES,TITULAR,2019-09-27T09:10:00.000Z
Felipe,Rodrigues,54,-1354.65,ESTACIONAMENTO,2026-08-02T14:28:00.000Z,100008,FELIPE RODRIGUES,TITULAR,2019-09-27T09:10:00.000Z
Felipe,Rodrigues,54,-730.74,COMPRA ECOMMERCE,2026-08-04T01:18:00.000Z,100008,FELIPE RODRIGUES,TITULAR,2019-09-27T09:10:00.000Z
Felipe,Rodrigues,54,-106.83,ASSINATURA SOFTWARE,2026-08-05T08:27:00.000Z,100008,FELIPE RODRIGUES,TITULAR,2019-09-27T09:10:00.000Z
Felipe,Rodrigues,54,-977.92,RESTAURANTE,2026-08-06T15:36:00.000Z,100008,FELIPE RODRIGUES,TITULAR,2019-09-27T09:10:00.000Z
Felipe,Rodrigues,54,-354.01,ASSINATURA STREAMING,2026-08-08T02:26:00.000Z,100008,FELIPE RODRIGUES,TITULAR,2019-09-27T09:10:00.000Z
Felipe,Rodrigues,54,-1225.10,SERVICO ONLINE,2026-08-09T09:35:00.000Z,100008,FELIPE RODRIGUES,TITULAR,2019-09-27T09:10:00.000Z
Felipe,Rodrigues,54,-601.19,ACADEMIA,2026-08-10T20:25:00.000Z,100008,FELIPE RODRIGUES,TITULAR,2019-09-27T09:10:00.000Z
Felipe,Rodrigues,54,-1472.28,PADARIA,2026-08-12T03:34:00.000Z,100008,FELIPE RODRIGUES,TITULAR,2019-09-27T09:10:00.000Z
Felipe,Rodrigues,54,-848.37,DELIVERY,2026-08-13T10:43:00.000Z,100008,FELIPE RODRIGUES,TITULAR,2019-09-27T09:10:00.000Z
Felipe,Rodrigues,54,-224.46,CAFETERIA,2026-08-14T21:33:00.000Z,100008,FELIPE RODRIGUES,TITULAR,2019-09-27T09:10:00.000Z
Felipe,Rodrigues,54,-1095.55,POSTO COMBUSTIVEL,2026-08-16T04:42:00.000Z,100008,FELIPE RODRIGUES,TITULAR,2019-09-27T09:10:00.000Z
Felipe,Rodrigues,54,-471.64,COMPRA SUPERMERCADO,2026-08-17T11:51:00.000Z,100008,FELIPE RODRIGUES,TITULAR,2019-09-27T09:10:00.000Z
Felipe,Rodrigues,54,-1342.73,LOJA DE DEPARTAMENTO,2026-08-18T22:41:00.000Z,100008,FELIPE RODRIGUES,TITULAR,2019-09-27T09:10:00.000Z
Felipe,Rodrigues,54,-718.82,LIVRARIA,2026-08-20T05:50:00.000Z,100008,FELIPE RODRIGUES,TITULAR,2019-09-27T09:10:00.000Z
Felipe,Rodrigues,54,-94.91,TRANSPORTE APLICATIVO,2026-08-21T12:59:00.000Z,100008,FELIPE RODRIGUES,TITULAR,2019-09-27T09:10:00.000Z
Felipe,Rodrigues,54,-966.00,COMPRA VESTUARIO,2026-08-22T23:49:00.000Z,100008,FELIPE RODRIGUES,TITULAR,2019-09-27T09:10:00.000Z
Felipe,Rodrigues,54,-342.09,COMPRA ELETRONICOS,2026-08-24T06:58:00.000Z,100008,FELIPE RODRIGUES,TITULAR,2019-09-27T09:10:00.000Z
Felipe,Rodrigues,54,-1213.18,COMPRA FARMACIA,2026-08-25T14:07:00.000Z,100008,FELIPE RODRIGUES,TITULAR,2019-09-27T09:10:00.000Z
Felipe,Rodrigues,54,-589.27,CINEMA,2026-08-27T00:57:00.000Z,100008,FELIPE RODRIGUES,TITULAR,2019-09-27T09:10:00.000Z
Felipe,Rodrigues,54,-1460.36,PET SHOP,2026-08-28T08:06:00.000Z,100008,FELIPE RODRIGUES,TITULAR,2019-09-27T09:10:00.000Z
Felipe,Rodrigues,54,-836.45,ESTACIONAMENTO,2026-08-29T15:15:00.000Z,100008,FELIPE RODRIGUES,TITULAR,2019-09-27T09:10:00.000Z
Felipe,Rodrigues,54,-212.54,COMPRA ECOMMERCE,2026-08-31T02:05:00.000Z,100008,FELIPE RODRIGUES,TITULAR,2019-09-27T09:10:00.000Z
Felipe,Rodrigues,54,-1083.63,ASSINATURA SOFTWARE,2026-09-01T09:14:00.000Z,100008,FELIPE RODRIGUES,TITULAR,2019-09-27T09:10:00.000Z
Felipe,Rodrigues,54,-459.72,RESTAURANTE,2026-09-02T20:04:00.000Z,100008,FELIPE RODRIGUES,TITULAR,2019-09-27T09:10:00.000Z
Felipe,Rodrigues,54,-1330.81,ASSINATURA STREAMING,2026-09-04T03:13:00.000Z,100008,FELIPE RODRIGUES,TITULAR,2019-09-27T09:10:00.000Z
Gabriela,Almeida,39,-717.71,PADARIA,2026-01-02T12:30:00.000Z,100009,GABRIELA ALMEIDA,DEPENDENTE,2021-12-14T15:40:00.000Z
Gabriela,Almeida,39,-93.80,DELIVERY,2026-01-03T19:39:00.000Z,100009,GABRIELA ALMEIDA,DEPENDENTE,2021-12-14T15:40:00.000Z
Gabriela,Almeida,39,-964.89,CAFETERIA,2026-01-05T06:29:00.000Z,100009,GABRIELA ALMEIDA,DEPENDENTE,2021-12-14T15:40:00.000Z
Gabriela,Almeida,39,-340.98,POSTO COMBUSTIVEL,2026-01-06T13:38:00.000Z,100009,GABRIELA ALMEIDA,DEPENDENTE,2021-12-14T15:40:00.000Z
Gabriela,Almeida,39,-1212.07,COMPRA SUPERMERCADO,2026-01-07T20:47:00.000Z,100009,GABRIELA ALMEIDA,DEPENDENTE,2021-12-14T15:40:00.000Z
Gabriela,Almeida,39,-588.16,LOJA DE DEPARTAMENTO,2026-01-09T07:37:00.000Z,100009,GABRIELA ALMEIDA,DEPENDENTE,2021-12-14T15:40:00.000Z
Gabriela,Almeida,39,-1459.25,LIVRARIA,2026-01-10T14:46:00.000Z,100009,GABRIELA ALMEIDA,DEPENDENTE,2021-12-14T15:40:00.000Z
Gabriela,Almeida,39,-835.34,TRANSPORTE APLICATIVO,2026-01-11T21:55:00.000Z,100009,GABRIELA ALMEIDA,DEPENDENTE,2021-12-14T15:40:00.000Z
Gabriela,Almeida,39,-211.43,COMPRA VESTUARIO,2026-01-13T08:45:00.000Z,100009,GABRIELA ALMEIDA,DEPENDENTE,2021-12-14T15:40:00.000Z
Gabriela,Almeida,39,-1082.52,COMPRA ELETRONICOS,2026-01-14T15:54:00.000Z,100009,GABRIELA ALMEIDA,DEPENDENTE,2021-12-14T15:40:00.000Z
Gabriela,Almeida,39,-458.61,COMPRA FARMACIA,2026-01-15T23:03:00.000Z,100009,GABRIELA ALMEIDA,DEPENDENTE,2021-12-14T15:40:00.000Z
Gabriela,Almeida,39,-1329.70,CINEMA,2026-01-17T09:53:00.000Z,100009,GABRIELA ALMEIDA,DEPENDENTE,2021-12-14T15:40:00.000Z
Gabriela,Almeida,39,-705.79,PET SHOP,2026-01-18T17:02:00.000Z,100009,GABRIELA ALMEIDA,DEPENDENTE,2021-12-14T15:40:00.000Z
Gabriela,Almeida,39,-81.88,ESTACIONAMENTO,2026-01-20T03:52:00.000Z,100009,GABRIELA ALMEIDA,DEPENDENTE,2021-12-14T15:40:00.000Z
Gabriela,Almeida,39,-952.97,COMPRA ECOMMERCE,2026-01-21T11:01:00.000Z,100009,GABRIELA ALMEIDA,DEPENDENTE,2021-12-14T15:40:00.000Z
Gabriela,Almeida,39,-329.06,ASSINATURA SOFTWARE,2026-01-22T18:10:00.000Z,100009,GABRIELA ALMEIDA,DEPENDENTE,2021-12-14T15:40:00.000Z
Gabriela,Almeida,39,-1200.15,RESTAURANTE,2026-01-24T05:00:00.000Z,100009,GABRIELA ALMEIDA,DEPENDENTE,2021-12-14T15:40:00.000Z
Gabriela,Almeida,39,-576.24,ASSINATURA STREAMING,2026-01-25T12:09:00.000Z,100009,GABRIELA ALMEIDA,DEPENDENTE,2021-12-14T15:40:00.000Z
Gabriela,Almeida,39,-1447.33,SERVICO ONLINE,2026-01-26T19:18:00.000Z,100009,GABRIELA ALMEIDA,DEPENDENTE,2021-12-14T15:40:00.000Z
Gabriela,Almeida,39,-823.42,ACADEMIA,2026-01-28T06:08:00.000Z,100009,GABRIELA ALMEIDA,DEPENDENTE,2021-12-14T15:40:00.000Z
Gabriela,Almeida,39,-199.51,PADARIA,2026-01-29T13:17:00.000Z,100009,GABRIELA ALMEIDA,DEPENDENTE,2021-12-14T15:40:00.000Z
Gabriela,Almeida,39,-1070.60,DELIVERY,2026-01-30T20:26:00.000Z,100009,GABRIELA ALMEIDA,DEPENDENTE,2021-12-14T15:40:00.000Z
Gabriela,Almeida,39,-446.69,CAFETERIA,2026-02-01T07:16:00.000Z,100009,GABRIELA ALMEIDA,DEPENDENTE,2021-12-14T15:40:00.000Z
Gabriela,Almeida,39,-1317.78,POSTO COMBUSTIVEL,2026-02-02T14:25:00.000Z,100009,GABRIELA ALMEIDA,DEPENDENTE,2021-12-14T15:40:00.000Z
Gabriela,Almeida,39,-693.87,COMPRA SUPERMERCADO,2026-02-03T21:34:00.000Z,100009,GABRIELA ALMEIDA,DEPENDENTE,2021-12-14T15:40:00.000Z
Gabriela,Almeida,39,-69.96,LOJA DE DEPARTAMENTO,2026-02-05T08:24:00.000Z,100009,GABRIELA ALMEIDA,DEPENDENTE,2021-12-14T15:40:00.000Z
Gabriela,Almeida,39,-941.05,LIVRARIA,2026-02-06T15:33:00.000Z,100009,GABRIELA ALMEIDA,DEPENDENTE,2021-12-14T15:40:00.000Z
Gabriela,Almeida,39,-317.14,TRANSPORTE APLICATIVO,2026-02-07T22:42:00.000Z,100009,GABRIELA ALMEIDA,DEPENDENTE,2021-12-14T15:40:00.000Z
Gabriela,Almeida,39,-1188.23,COMPRA VESTUARIO,2026-02-09T09:32:00.000Z,100009,GABRIELA ALMEIDA,DEPENDENTE,2021-12-14T15:40:00.000Z
Gabriela,Almeida,39,-564.32,COMPRA ELETRONICOS,2026-02-10T16:41:00.000Z,100009,GABRIELA ALMEIDA,DEPENDENTE,2021-12-14T15:40:00.000Z
Gabriela,Almeida,39,-1435.41,COMPRA FARMACIA,2026-02-12T03:31:00.000Z,100009,GABRIELA ALMEIDA,DEPENDENTE,2021-12-14T15:40:00.000Z
Gabriela,Almeida,39,-811.50,CINEMA,2026-02-13T10:40:00.000Z,100009,GABRIELA ALMEIDA,DEPENDENTE,2021-12-14T15:40:00.000Z
Gabriela,Almeida,39,-187.59,PET SHOP,2026-02-14T17:49:00.000Z,100009,GABRIELA ALMEIDA,DEPENDENTE,2021-12-14T15:40:00.000Z
Gabriela,Almeida,39,-1058.68,ESTACIONAMENTO,2026-02-16T04:39:00.000Z,100009,GABRIELA ALMEIDA,DEPENDENTE,2021-12-14T15:40:00.000Z
Gabriela,Almeida,39,-434.77,COMPRA ECOMMERCE,2026-02-17T11:48:00.000Z,100009,GABRIELA ALMEIDA,DEPENDENTE,2021-12-14T15:40:00.000Z
Gabriela,Almeida,39,-1305.86,ASSINATURA SOFTWARE,2026-02-18T18:57:00.000Z,100009,GABRIELA ALMEIDA,DEPENDENTE,2021-12-14T15:40:00.000Z
Gabriela,Almeida,39,-681.95,RESTAURANTE,2026-02-20T05:47:00.000Z,100009,GABRIELA ALMEIDA,DEPENDENTE,2021-12-14T15:40:00.000Z
Gabriela,Almeida,39,-58.04,ASSINATURA STREAMING,2026-02-21T12:56:00.000Z,100009,GABRIELA ALMEIDA,DEPENDENTE,2021-12-14T15:40:00.000Z
Gabriela,Almeida,39,-929.13,SERVICO ONLINE,2026-02-22T20:05:00.000Z,100009,GABRIELA ALMEIDA,DEPENDENTE,2021-12-14T15:40:00.000Z
Gabriela,Almeida,39,-305.22,ACADEMIA,2026-02-24T06:55:00.000Z,100009,GABRIELA ALMEIDA,DEPENDENTE,2021-12-14T15:40:00.000Z
Gabriela,Almeida,39,-1176.31,PADARIA,2026-02-25T14:04:00.000Z,100009,GABRIELA ALMEIDA,DEPENDENTE,2021-12-14T15:40:00.000Z
Gabriela,Almeida,39,-552.40,DELIVERY,2026-02-26T21:13:00.000Z,100009,GABRIELA ALMEIDA,DEPENDENTE,2021-12-14T15:40:00.000Z
Gabriela,Almeida,39,-1423.49,CAFETERIA,2026-02-28T08:03:00.000Z,100009,GABRIELA ALMEIDA,DEPENDENTE,2021-12-14T15:40:00.000Z
Gabriela,Almeida,39,-799.58,POSTO COMBUSTIVEL,2026-03-01T15:12:00.000Z,100009,GABRIELA ALMEIDA,DEPENDENTE,2021-12-14T15:40:00.000Z
Gabriela,Almeida,39,-175.67,COMPRA SUPERMERCADO,2026-03-02T22:21:00.000Z,100009,GABRIELA ALMEIDA,DEPENDENTE,2021-12-14T15:40:00.000Z
Gabriela,Almeida,39,-1046.76,LOJA DE DEPARTAMENTO,2026-03-04T09:11:00.000Z,100009,GABRIELA ALMEIDA,DEPENDENTE,2021-12-14T15:40:00.000Z
Gabriela,Almeida,39,-422.85,LIVRARIA,2026-03-05T16:20:00.000Z,100009,GABRIELA ALMEIDA,DEPENDENTE,2021-12-14T15:40:00.000Z
Gabriela,Almeida,39,-1293.94,TRANSPORTE APLICATIVO,2026-03-07T03:10:00.000Z,100009,GABRIELA ALMEIDA,DEPENDENTE,2021-12-14T15:40:00.000Z
Gabriela,Almeida,39,-670.03,COMPRA VESTUARIO,2026-03-08T10:19:00.000Z,100009,GABRIELA ALMEIDA,DEPENDENTE,2021-12-14T15:40:00.000Z
Gabriela,Almeida,39,-46.12,COMPRA ELETRONICOS,2026-03-09T17:28:00.000Z,100009,GABRIELA ALMEIDA,DEPENDENTE,2021-12-14T15:40:00.000Z
Gabriela,Almeida,39,-917.21,COMPRA FARMACIA,2026-03-11T04:18:00.000Z,100009,GABRIELA ALMEIDA,DEPENDENTE,2021-12-14T15:40:00.000Z
Gabriela,Almeida,39,-293.30,CINEMA,2026-03-12T11:27:00.000Z,100009,GABRIELA ALMEIDA,DEPENDENTE,2021-12-14T15:40:00.000Z
Gabriela,Almeida,39,-1164.39,PET SHOP,2026-03-13T18:36:00.000Z,100009,GABRIELA ALMEIDA,DEPENDENTE,2021-12-14T15:40:00.000Z
Gabriela,Almeida,39,-540.48,ESTACIONAMENTO,2026-03-15T05:26:00.000Z,100009,GABRIELA ALMEIDA,DEPENDENTE,2021-12-14T15:40:00.000Z
Gabriela,Almeida,39,-1411.57,COMPRA ECOMMERCE,2026-03-16T12:35:00.000Z,100009,GABRIELA ALMEIDA,DEPENDENTE,2021-12-14T15:40:00.000Z
Gabriela,Almeida,39,-787.66,ASSINATURA SOFTWARE,2026-03-17T19:44:00.000Z,100009,GABRIELA ALMEIDA,DEPENDENTE,2021-12-14T15:40:00.000Z
Gabriela,Almeida,39,-163.75,RESTAURANTE,2026-03-19T06:34:00.000Z,100009,GABRIELA ALMEIDA,DEPENDENTE,2021-12-14T15:40:00.000Z
Gabriela,Almeida,39,-1034.84,ASSINATURA STREAMING,2026-03-20T13:43:00.000Z,100009,GABRIELA ALMEIDA,DEPENDENTE,2021-12-14T15:40:00.000Z
Gabriela,Almeida,39,-410.93,SERVICO ONLINE,2026-03-21T20:52:00.000Z,100009,GABRIELA ALMEIDA,DEPENDENTE,2021-12-14T15:40:00.000Z
Gabriela,Almeida,39,-1282.02,ACADEMIA,2026-03-23T07:42:00.000Z,100009,GABRIELA ALMEIDA,DEPENDENTE,2021-12-14T15:40:00.000Z
Gabriela,Almeida,39,-658.11,PADARIA,2026-03-24T14:51:00.000Z,100009,GABRIELA ALMEIDA,DEPENDENTE,2021-12-14T15:40:00.000Z
Gabriela,Almeida,39,-34.20,DELIVERY,2026-03-25T22:00:00.000Z,100009,GABRIELA ALMEIDA,DEPENDENTE,2021-12-14T15:40:00.000Z
Gabriela,Almeida,39,-905.29,CAFETERIA,2026-03-27T08:50:00.000Z,100009,GABRIELA ALMEIDA,DEPENDENTE,2021-12-14T15:40:00.000Z
Gabriela,Almeida,39,-281.38,POSTO COMBUSTIVEL,2026-03-28T15:59:00.000Z,100009,GABRIELA ALMEIDA,DEPENDENTE,2021-12-14T15:40:00.000Z
Gabriela,Almeida,39,-1152.47,COMPRA SUPERMERCADO,2026-03-30T02:49:00.000Z,100009,GABRIELA ALMEIDA,DEPENDENTE,2021-12-14T15:40:00.000Z
Gabriela,Almeida,39,-528.56,LOJA DE DEPARTAMENTO,2026-03-31T09:58:00.000Z,100009,GABRIELA ALMEIDA,DEPENDENTE,2021-12-14T15:40:00.000Z
Gabriela,Almeida,39,-1399.65,LIVRARIA,2026-04-01T17:07:00.000Z,100009,GABRIELA ALMEIDA,DEPENDENTE,2021-12-14T15:40:00.000Z
Gabriela,Almeida,39,-775.74,TRANSPORTE APLICATIVO,2026-04-03T03:57:00.000Z,100009,GABRIELA ALMEIDA,DEPENDENTE,2021-12-14T15:40:00.000Z
Gabriela,Almeida,39,-151.83,COMPRA VESTUARIO,2026-04-04T11:06:00.000Z,100009,GABRIELA ALMEIDA,DEPENDENTE,2021-12-14T15:40:00.000Z
Gabriela,Almeida,39,-1022.92,COMPRA ELETRONICOS,2026-04-05T18:15:00.000Z,100009,GABRIELA ALMEIDA,DEPENDENTE,2021-12-14T15:40:00.000Z
Gabriela,Almeida,39,-399.01,COMPRA FARMACIA,2026-04-07T05:05:00.000Z,100009,GABRIELA ALMEIDA,DEPENDENTE,2021-12-14T15:40:00.000Z
Gabriela,Almeida,39,-1270.10,CINEMA,2026-04-08T12:14:00.000Z,100009,GABRIELA ALMEIDA,DEPENDENTE,2021-12-14T15:40:00.000Z
Gabriela,Almeida,39,-646.19,PET SHOP,2026-04-09T19:23:00.000Z,100009,GABRIELA ALMEIDA,DEPENDENTE,2021-12-14T15:40:00.000Z
Gabriela,Almeida,39,-22.28,ESTACIONAMENTO,2026-04-11T06:13:00.000Z,100009,GABRIELA ALMEIDA,DEPENDENTE,2021-12-14T15:40:00.000Z
Gabriela,Almeida,39,-893.37,COMPRA ECOMMERCE,2026-04-12T13:22:00.000Z,100009,GABRIELA ALMEIDA,DEPENDENTE,2021-12-14T15:40:00.000Z
Gabriela,Almeida,39,-269.46,ASSINATURA SOFTWARE,2026-04-13T20:31:00.000Z,100009,GABRIELA ALMEIDA,DEPENDENTE,2021-12-14T15:40:00.000Z
Gabriela,Almeida,39,-1140.55,RESTAURANTE,2026-04-15T07:21:00.000Z,100009,GABRIELA ALMEIDA,DEPENDENTE,2021-12-14T15:40:00.000Z
Gabriela,Almeida,39,-516.64,ASSINATURA STREAMING,2026-04-16T14:30:00.000Z,100009,GABRIELA ALMEIDA,DEPENDENTE,2021-12-14T15:40:00.000Z
Gabriela,Almeida,39,-1387.73,SERVICO ONLINE,2026-04-17T21:39:00.000Z,100009,GABRIELA ALMEIDA,DEPENDENTE,2021-12-14T15:40:00.000Z
Gabriela,Almeida,39,-763.82,ACADEMIA,2026-04-19T08:29:00.000Z,100009,GABRIELA ALMEIDA,DEPENDENTE,2021-12-14T15:40:00.000Z
Gabriela,Almeida,39,-139.91,PADARIA,2026-04-20T15:38:00.000Z,100009,GABRIELA ALMEIDA,DEPENDENTE,2021-12-14T15:40:00.000Z
Gabriela,Almeida,39,-1011.00,DELIVERY,2026-04-22T02:28:00.000Z,100009,GABRIELA ALMEIDA,DEPENDENTE,2021-12-14T15:40:00.000Z
Gabriela,Almeida,39,-387.09,CAFETERIA,2026-04-23T09:37:00.000Z,100009,GABRIELA ALMEIDA,DEPENDENTE,2021-12-14T15:40:00.000Z
Gabriela,Almeida,39,-1258.18,POSTO COMBUSTIVEL,2026-04-24T16:46:00.000Z,100009,GABRIELA ALMEIDA,DEPENDENTE,2021-12-14T15:40:00.000Z
Gabriela,Almeida,39,-634.27,COMPRA SUPERMERCADO,2026-04-26T03:36:00.000Z,100009,GABRIELA ALMEIDA,DEPENDENTE,2021-12-14T15:40:00.000Z
Gabriela,Almeida,39,-10.36,LOJA DE DEPARTAMENTO,2026-04-27T10:45:00.000Z,100009,GABRIELA ALMEIDA,DEPENDENTE,2021-12-14T15:40:00.000Z
Gabriela,Almeida,39,-881.45,LIVRARIA,2026-04-28T17:54:00.000Z,100009,GABRIELA ALMEIDA,DEPENDENTE,2021-12-14T15:40:00.000Z
Gabriela,Almeida,39,-257.54,TRANSPORTE APLICATIVO,2026-04-30T04:44:00.000Z,100009,GABRIELA ALMEIDA,DEPENDENTE,2021-12-14T15:40:00.000Z
Gabriela,Almeida,39,-1128.63,COMPRA VESTUARIO,2026-05-01T11:53:00.000Z,100009,GABRIELA ALMEIDA,DEPENDENTE,2021-12-14T15:40:00.000Z
Gabriela,Almeida,39,-504.72,COMPRA ELETRONICOS,2026-05-02T19:02:00.000Z,100009,GABRIELA ALMEIDA,DEPENDENTE,2021-12-14T15:40:00.000Z
Gabriela,Almeida,39,-1375.81,COMPRA FARMACIA,2026-05-04T05:52:00.000Z,100009,GABRIELA ALMEIDA,DEPENDENTE,2021-12-14T15:40:00.000Z
Gabriela,Almeida,39,-751.90,CINEMA,2026-05-05T13:01:00.000Z,100009,GABRIELA ALMEIDA,DEPENDENTE,2021-12-14T15:40:00.000Z
Gabriela,Almeida,39,-127.99,PET SHOP,2026-05-06T20:10:00.000Z,100009,GABRIELA ALMEIDA,DEPENDENTE,2021-12-14T15:40:00.000Z
Gabriela,Almeida,39,-999.08,ESTACIONAMENTO,2026-05-08T07:00:00.000Z,100009,GABRIELA ALMEIDA,DEPENDENTE,2021-12-14T15:40:00.000Z
Gabriela,Almeida,39,-375.17,COMPRA ECOMMERCE,2026-05-09T14:09:00.000Z,100009,GABRIELA ALMEIDA,DEPENDENTE,2021-12-14T15:40:00.000Z
Gabriela,Almeida,39,-1246.26,ASSINATURA SOFTWARE,2026-05-10T21:18:00.000Z,100009,GABRIELA ALMEIDA,DEPENDENTE,2021-12-14T15:40:00.000Z
Gabriela,Almeida,39,-622.35,RESTAURANTE,2026-05-12T08:08:00.000Z,100009,GABRIELA ALMEIDA,DEPENDENTE,2021-12-14T15:40:00.000Z
Gabriela,Almeida,39,-1493.44,ASSINATURA STREAMING,2026-05-13T15:17:00.000Z,100009,GABRIELA ALMEIDA,DEPENDENTE,2021-12-14T15:40:00.000Z
Gabriela,Almeida,39,-869.53,SERVICO ONLINE,2026-05-15T02:07:00.000Z,100009,GABRIELA ALMEIDA,DEPENDENTE,2021-12-14T15:40:00.000Z
Gabriela,Almeida,39,-245.62,ACADEMIA,2026-05-16T09:16:00.000Z,100009,GABRIELA ALMEIDA,DEPENDENTE,2021-12-14T15:40:00.000Z
Gabriela,Almeida,39,-1116.71,PADARIA,2026-05-17T16:25:00.000Z,100009,GABRIELA ALMEIDA,DEPENDENTE,2021-12-14T15:40:00.000Z
Gabriela,Almeida,39,-492.80,DELIVERY,2026-05-19T03:15:00.000Z,100009,GABRIELA ALMEIDA,DEPENDENTE,2021-12-14T15:40:00.000Z
Gabriela,Almeida,39,-1363.89,CAFETERIA,2026-05-20T10:24:00.000Z,100009,GABRIELA ALMEIDA,DEPENDENTE,2021-12-14T15:40:00.000Z
Gabriela,Almeida,39,-739.98,POSTO COMBUSTIVEL,2026-05-21T17:33:00.000Z,100009,GABRIELA ALMEIDA,DEPENDENTE,2021-12-14T15:40:00.000Z
Gabriela,Almeida,39,-116.07,COMPRA SUPERMERCADO,2026-05-23T04:23:00.000Z,100009,GABRIELA ALMEIDA,DEPENDENTE,2021-12-14T15:40:00.000Z
Gabriela,Almeida,39,-987.16,LOJA DE DEPARTAMENTO,2026-05-24T11:32:00.000Z,100009,GABRIELA ALMEIDA,DEPENDENTE,2021-12-14T15:40:00.000Z
Gabriela,Almeida,39,-363.25,LIVRARIA,2026-05-25T18:41:00.000Z,100009,GABRIELA ALMEIDA,DEPENDENTE,2021-12-14T15:40:00.000Z
Gabriela,Almeida,39,-1234.34,TRANSPORTE APLICATIVO,2026-05-27T05:31:00.000Z,100009,GABRIELA ALMEIDA,DEPENDENTE,2021-12-14T15:40:00.000Z
Gabriela,Almeida,39,-610.43,COMPRA VESTUARIO,2026-05-28T12:40:00.000Z,100009,GABRIELA ALMEIDA,DEPENDENTE,2021-12-14T15:40:00.000Z
Gabriela,Almeida,39,-1481.52,COMPRA ELETRONICOS,2026-05-29T19:49:00.000Z,100009,GABRIELA ALMEIDA,DEPENDENTE,2021-12-14T15:40:00.000Z
Gabriela,Almeida,39,-857.61,COMPRA FARMACIA,2026-05-31T06:39:00.000Z,100009,GABRIELA ALMEIDA,DEPENDENTE,2021-12-14T15:40:00.000Z
Gabriela,Almeida,39,-233.70,CINEMA,2026-06-01T13:48:00.000Z,100009,GABRIELA ALMEIDA,DEPENDENTE,2021-12-14T15:40:00.000Z
Gabriela,Almeida,39,-1104.79,PET SHOP,2026-06-02T20:57:00.000Z,100009,GABRIELA ALMEIDA,DEPENDENTE,2021-12-14T15:40:00.000Z
Gabriela,Almeida,39,-480.88,ESTACIONAMENTO,2026-06-04T07:47:00.000Z,100009,GABRIELA ALMEIDA,DEPENDENTE,2021-12-14T15:40:00.000Z
Gabriela,Almeida,39,-1351.97,COMPRA ECOMMERCE,2026-06-05T14:56:00.000Z,100009,GABRIELA ALMEIDA,DEPENDENTE,2021-12-14T15:40:00.000Z
Gabriela,Almeida,39,-728.06,ASSINATURA SOFTWARE,2026-06-07T01:46:00.000Z,100009,GABRIELA ALMEIDA,DEPENDENTE,2021-12-14T15:40:00.000Z
Gabriela,Almeida,39,-104.15,RESTAURANTE,2026-06-08T08:55:00.000Z,100009,GABRIELA ALMEIDA,DEPENDENTE,2021-12-14T15:40:00.000Z
Gabriela,Almeida,39,-975.24,ASSINATURA STREAMING,2026-06-09T16:04:00.000Z,100009,GABRIELA ALMEIDA,DEPENDENTE,2021-12-14T15:40:00.000Z
Gabriela,Almeida,39,-351.33,SERVICO ONLINE,2026-06-11T02:54:00.000Z,100009,GABRIELA ALMEIDA,DEPENDENTE,2021-12-14T15:40:00.000Z
Gabriela,Almeida,39,-1222.42,ACADEMIA,2026-06-12T10:03:00.000Z,100009,GABRIELA ALMEIDA,DEPENDENTE,2021-12-14T15:40:00.000Z
Gabriela,Almeida,39,-598.51,PADARIA,2026-06-13T17:12:00.000Z,100009,GABRIELA ALMEIDA,DEPENDENTE,2021-12-14T15:40:00.000Z
Gabriela,Almeida,39,-1469.60,DELIVERY,2026-06-15T04:02:00.000Z,100009,GABRIELA ALMEIDA,DEPENDENTE,2021-12-14T15:40:00.000Z
Gabriela,Almeida,39,-845.69,CAFETERIA,2026-06-16T11:11:00.000Z,100009,GABRIELA ALMEIDA,DEPENDENTE,2021-12-14T15:40:00.000Z
Gabriela,Almeida,39,-221.78,POSTO COMBUSTIVEL,2026-06-17T18:20:00.000Z,100009,GABRIELA ALMEIDA,DEPENDENTE,2021-12-14T15:40:00.000Z
Gabriela,Almeida,39,-1092.87,COMPRA SUPERMERCADO,2026-06-19T05:10:00.000Z,100009,GABRIELA ALMEIDA,DEPENDENTE,2021-12-14T15:40:00.000Z
Gabriela,Almeida,39,-468.96,LOJA DE DEPARTAMENTO,2026-06-20T12:19:00.000Z,100009,GABRIELA ALMEIDA,DEPENDENTE,2021-12-14T15:40:00.000Z
Gabriela,Almeida,39,-1340.05,LIVRARIA,2026-06-21T19:28:00.000Z,100009,GABRIELA ALMEIDA,DEPENDENTE,2021-12-14T15:40:00.000Z
Gabriela,Almeida,39,-716.14,TRANSPORTE APLICATIVO,2026-06-23T06:18:00.000Z,100009,GABRIELA ALMEIDA,DEPENDENTE,2021-12-14T15:40:00.000Z
Gabriela,Almeida,39,-92.23,COMPRA VESTUARIO,2026-06-24T13:27:00.000Z,100009,GABRIELA ALMEIDA,DEPENDENTE,2021-12-14T15:40:00.000Z
Gabriela,Almeida,39,-963.32,COMPRA ELETRONICOS,2026-06-25T20:36:00.000Z,100009,GABRIELA ALMEIDA,DEPENDENTE,2021-12-14T15:40:00.000Z
Gabriela,Almeida,39,-339.41,COMPRA FARMACIA,2026-06-27T07:26:00.000Z,100009,GABRIELA ALMEIDA,DEPENDENTE,2021-12-14T15:40:00.000Z
Gabriela,Almeida,39,-1210.50,CINEMA,2026-06-28T14:35:00.000Z,100009,GABRIELA ALMEIDA,DEPENDENTE,2021-12-14T15:40:00.000Z
Gabriela,Almeida,39,-586.59,PET SHOP,2026-06-30T01:25:00.000Z,100009,GABRIELA ALMEIDA,DEPENDENTE,2021-12-14T15:40:00.000Z
Gabriela,Almeida,39,-1457.68,ESTACIONAMENTO,2026-07-01T08:34:00.000Z,100009,GABRIELA ALMEIDA,DEPENDENTE,2021-12-14T15:40:00.000Z
Gabriela,Almeida,39,-833.77,COMPRA ECOMMERCE,2026-07-02T15:43:00.000Z,100009,GABRIELA ALMEIDA,DEPENDENTE,2021-12-14T15:40:00.000Z
Gabriela,Almeida,39,-209.86,ASSINATURA SOFTWARE,2026-07-04T02:33:00.000Z,100009,GABRIELA ALMEIDA,DEPENDENTE,2021-12-14T15:40:00.000Z
Gabriela,Almeida,39,-1080.95,RESTAURANTE,2026-07-05T09:42:00.000Z,100009,GABRIELA ALMEIDA,DEPENDENTE,2021-12-14T15:40:00.000Z
Gabriela,Almeida,39,-457.04,ASSINATURA STREAMING,2026-07-06T16:51:00.000Z,100009,GABRIELA ALMEIDA,DEPENDENTE,2021-12-14T15:40:00.000Z
Gabriela,Almeida,39,-1328.13,SERVICO ONLINE,2026-07-08T03:41:00.000Z,100009,GABRIELA ALMEIDA,DEPENDENTE,2021-12-14T15:40:00.000Z
Gabriela,Almeida,39,-704.22,ACADEMIA,2026-07-09T10:50:00.000Z,100009,GABRIELA ALMEIDA,DEPENDENTE,2021-12-14T15:40:00.000Z
Gabriela,Almeida,39,-80.31,PADARIA,2026-07-10T17:59:00.000Z,100009,GABRIELA ALMEIDA,DEPENDENTE,2021-12-14T15:40:00.000Z
Gabriela,Almeida,39,-951.40,DELIVERY,2026-07-12T04:49:00.000Z,100009,GABRIELA ALMEIDA,DEPENDENTE,2021-12-14T15:40:00.000Z
Gabriela,Almeida,39,-327.49,CAFETERIA,2026-07-13T11:58:00.000Z,100009,GABRIELA ALMEIDA,DEPENDENTE,2021-12-14T15:40:00.000Z
Gabriela,Almeida,39,-1198.58,POSTO COMBUSTIVEL,2026-07-14T19:07:00.000Z,100009,GABRIELA ALMEIDA,DEPENDENTE,2021-12-14T15:40:00.000Z
Gabriela,Almeida,39,-574.67,COMPRA SUPERMERCADO,2026-07-16T05:57:00.000Z,100009,GABRIELA ALMEIDA,DEPENDENTE,2021-12-14T15:40:00.000Z
Gabriela,Almeida,39,-1445.76,LOJA DE DEPARTAMENTO,2026-07-17T13:06:00.000Z,100009,GABRIELA ALMEIDA,DEPENDENTE,2021-12-14T15:40:00.000Z
Gabriela,Almeida,39,-821.85,LIVRARIA,2026-07-18T20:15:00.000Z,100009,GABRIELA ALMEIDA,DEPENDENTE,2021-12-14T15:40:00.000Z
Gabriela,Almeida,39,-197.94,TRANSPORTE APLICATIVO,2026-07-20T07:05:00.000Z,100009,GABRIELA ALMEIDA,DEPENDENTE,2021-12-14T15:40:00.000Z
Gabriela,Almeida,39,-1069.03,COMPRA VESTUARIO,2026-07-21T14:14:00.000Z,100009,GABRIELA ALMEIDA,DEPENDENTE,2021-12-14T15:40:00.000Z
Gabriela,Almeida,39,-445.12,COMPRA ELETRONICOS,2026-07-23T01:04:00.000Z,100009,GABRIELA ALMEIDA,DEPENDENTE,2021-12-14T15:40:00.000Z
Gabriela,Almeida,39,-1316.21,COMPRA FARMACIA,2026-07-24T08:13:00.000Z,100009,GABRIELA ALMEIDA,DEPENDENTE,2021-12-14T15:40:00.000Z
Gabriela,Almeida,39,-692.30,CINEMA,2026-07-25T15:22:00.000Z,100009,GABRIELA ALMEIDA,DEPENDENTE,2021-12-14T15:40:00.000Z
Gabriela,Almeida,39,-68.39,PET SHOP,2026-07-27T02:12:00.000Z,100009,GABRIELA ALMEIDA,DEPENDENTE,2021-12-14T15:40:00.000Z
Gabriela,Almeida,39,-939.48,ESTACIONAMENTO,2026-07-28T09:21:00.000Z,100009,GABRIELA ALMEIDA,DEPENDENTE,2021-12-14T15:40:00.000Z
Gabriela,Almeida,39,-315.57,COMPRA ECOMMERCE,2026-07-29T16:30:00.000Z,100009,GABRIELA ALMEIDA,DEPENDENTE,2021-12-14T15:40:00.000Z
Gabriela,Almeida,39,-1186.66,ASSINATURA SOFTWARE,2026-07-31T03:20:00.000Z,100009,GABRIELA ALMEIDA,DEPENDENTE,2021-12-14T15:40:00.000Z
Gabriela,Almeida,39,-562.75,RESTAURANTE,2026-08-01T10:29:00.000Z,100009,GABRIELA ALMEIDA,DEPENDENTE,2021-12-14T15:40:00.000Z
Gabriela,Almeida,39,-1433.84,ASSINATURA STREAMING,2026-08-02T17:38:00.000Z,100009,GABRIELA ALMEIDA,DEPENDENTE,2021-12-14T15:40:00.000Z
Gabriela,Almeida,39,-809.93,SERVICO ONLINE,2026-08-04T04:28:00.000Z,100009,GABRIELA ALMEIDA,DEPENDENTE,2021-12-14T15:40:00.000Z
Gabriela,Almeida,39,-186.02,ACADEMIA,2026-08-05T11:37:00.000Z,100009,GABRIELA ALMEIDA,DEPENDENTE,2021-12-14T15:40:00.000Z
Gabriela,Almeida,39,-1057.11,PADARIA,2026-08-06T18:46:00.000Z,100009,GABRIELA ALMEIDA,DEPENDENTE,2021-12-14T15:40:00.000Z
Gabriela,Almeida,39,-433.20,DELIVERY,2026-08-08T05:36:00.000Z,100009,GABRIELA ALMEIDA,DEPENDENTE,2021-12-14T15:40:00.000Z
Gabriela,Almeida,39,-1304.29,CAFETERIA,2026-08-09T12:45:00.000Z,100009,GABRIELA ALMEIDA,DEPENDENTE,2021-12-14T15:40:00.000Z
Gabriela,Almeida,39,-680.38,POSTO COMBUSTIVEL,2026-08-10T19:54:00.000Z,100009,GABRIELA ALMEIDA,DEPENDENTE,2021-12-14T15:40:00.000Z
Gabriela,Almeida,39,-56.47,COMPRA SUPERMERCADO,2026-08-12T06:44:00.000Z,100009,GABRIELA ALMEIDA,DEPENDENTE,2021-12-14T15:40:00.000Z
Gabriela,Almeida,39,-927.56,LOJA DE DEPARTAMENTO,2026-08-13T13:53:00.000Z,100009,GABRIELA ALMEIDA,DEPENDENTE,2021-12-14T15:40:00.000Z
Gabriela,Almeida,39,-303.65,LIVRARIA,2026-08-15T00:43:00.000Z,100009,GABRIELA ALMEIDA,DEPENDENTE,2021-12-14T15:40:00.000Z
Gabriela,Almeida,39,-1174.74,TRANSPORTE APLICATIVO,2026-08-16T07:52:00.000Z,100009,GABRIELA ALMEIDA,DEPENDENTE,2021-12-14T15:40:00.000Z
Gabriela,Almeida,39,-550.83,COMPRA VESTUARIO,2026-08-17T15:01:00.000Z,100009,GABRIELA ALMEIDA,DEPENDENTE,2021-12-14T15:40:00.000Z
Gabriela,Almeida,39,-1421.92,COMPRA ELETRONICOS,2026-08-19T01:51:00.000Z,100009,GABRIELA ALMEIDA,DEPENDENTE,2021-12-14T15:40:00.000Z
Gabriela,Almeida,39,-798.01,COMPRA FARMACIA,2026-08-20T09:00:00.000Z,100009,GABRIELA ALMEIDA,DEPENDENTE,2021-12-14T15:40:00.000Z
Gabriela,Almeida,39,-174.10,CINEMA,2026-08-21T16:09:00.000Z,100009,GABRIELA ALMEIDA,DEPENDENTE,2021-12-14T15:40:00.000Z
Gabriela,Almeida,39,-1045.19,PET SHOP,2026-08-23T02:59:00.000Z,100009,GABRIELA ALMEIDA,DEPENDENTE,2021-12-14T15:40:00.000Z
Gabriela,Almeida,39,-421.28,ESTACIONAMENTO,2026-08-24T10:08:00.000Z,100009,GABRIELA ALMEIDA,DEPENDENTE,2021-12-14T15:40:00.000Z
Gabriela,Almeida,39,-1292.37,COMPRA ECOMMERCE,2026-08-25T17:17:00.000Z,100009,GABRIELA ALMEIDA,DEPENDENTE,2021-12-14T15:40:00.000Z
Gabriela,Almeida,39,-668.46,ASSINATURA SOFTWARE,2026-08-27T04:07:00.000Z,100009,GABRIELA ALMEIDA,DEPENDENTE,2021-12-14T15:40:00.000Z
Gabriela,Almeida,39,-44.55,RESTAURANTE,2026-08-28T11:16:00.000Z,100009,GABRIELA ALMEIDA,DEPENDENTE,2021-12-14T15:40:00.000Z
Gabriela,Almeida,39,-915.64,ASSINATURA STREAMING,2026-08-29T18:25:00.000Z,100009,GABRIELA ALMEIDA,DEPENDENTE,2021-12-14T15:40:00.000Z
Gabriela,Almeida,39,-291.73,SERVICO ONLINE,2026-08-31T05:15:00.000Z,100009,GABRIELA ALMEIDA,DEPENDENTE,2021-12-14T15:40:00.000Z
Gabriela,Almeida,39,-1162.82,ACADEMIA,2026-09-01T12:24:00.000Z,100009,GABRIELA ALMEIDA,DEPENDENTE,2021-12-14T15:40:00.000Z
Gabriela,Almeida,39,-538.91,PADARIA,2026-09-02T19:33:00.000Z,100009,GABRIELA ALMEIDA,DEPENDENTE,2021-12-14T15:40:00.000Z
Gabriela,Almeida,39,-1410.00,DELIVERY,2026-09-04T06:23:00.000Z,100009,GABRIELA ALMEIDA,DEPENDENTE,2021-12-14T15:40:00.000Z
Henrique,Lima,47,-796.90,COMPRA SUPERMERCADO,2026-01-02T15:40:00.000Z,100010,HENRIQUE LIMA,TITULAR,2020-06-08T10:50:00.000Z
Henrique,Lima,47,-172.99,LOJA DE DEPARTAMENTO,2026-01-03T22:49:00.000Z,100010,HENRIQUE LIMA,TITULAR,2020-06-08T10:50:00.000Z
Henrique,Lima,47,-1044.08,LIVRARIA,2026-01-05T09:39:00.000Z,100010,HENRIQUE LIMA,TITULAR,2020-06-08T10:50:00.000Z
Henrique,Lima,47,-420.17,TRANSPORTE APLICATIVO,2026-01-06T16:48:00.000Z,100010,HENRIQUE LIMA,TITULAR,2020-06-08T10:50:00.000Z
Henrique,Lima,47,-1291.26,COMPRA VESTUARIO,2026-01-07T23:57:00.000Z,100010,HENRIQUE LIMA,TITULAR,2020-06-08T10:50:00.000Z
Henrique,Lima,47,-667.35,COMPRA ELETRONICOS,2026-01-09T10:47:00.000Z,100010,HENRIQUE LIMA,TITULAR,2020-06-08T10:50:00.000Z
Henrique,Lima,47,-43.44,COMPRA FARMACIA,2026-01-10T17:56:00.000Z,100010,HENRIQUE LIMA,TITULAR,2020-06-08T10:50:00.000Z
Henrique,Lima,47,-914.53,CINEMA,2026-01-12T01:05:00.000Z,100010,HENRIQUE LIMA,TITULAR,2020-06-08T10:50:00.000Z
Henrique,Lima,47,-290.62,PET SHOP,2026-01-13T11:55:00.000Z,100010,HENRIQUE LIMA,TITULAR,2020-06-08T10:50:00.000Z
Henrique,Lima,47,-1161.71,ESTACIONAMENTO,2026-01-14T19:04:00.000Z,100010,HENRIQUE LIMA,TITULAR,2020-06-08T10:50:00.000Z
Henrique,Lima,47,-537.80,COMPRA ECOMMERCE,2026-01-16T02:13:00.000Z,100010,HENRIQUE LIMA,TITULAR,2020-06-08T10:50:00.000Z
Henrique,Lima,47,-1408.89,ASSINATURA SOFTWARE,2026-01-17T13:03:00.000Z,100010,HENRIQUE LIMA,TITULAR,2020-06-08T10:50:00.000Z
Henrique,Lima,47,-784.98,RESTAURANTE,2026-01-18T20:12:00.000Z,100010,HENRIQUE LIMA,TITULAR,2020-06-08T10:50:00.000Z
Henrique,Lima,47,-161.07,ASSINATURA STREAMING,2026-01-20T03:21:00.000Z,100010,HENRIQUE LIMA,TITULAR,2020-06-08T10:50:00.000Z
Henrique,Lima,47,-1032.16,SERVICO ONLINE,2026-01-21T14:11:00.000Z,100010,HENRIQUE LIMA,TITULAR,2020-06-08T10:50:00.000Z
Henrique,Lima,47,-408.25,ACADEMIA,2026-01-22T21:20:00.000Z,100010,HENRIQUE LIMA,TITULAR,2020-06-08T10:50:00.000Z
Henrique,Lima,47,-1279.34,PADARIA,2026-01-24T08:10:00.000Z,100010,HENRIQUE LIMA,TITULAR,2020-06-08T10:50:00.000Z
Henrique,Lima,47,-655.43,DELIVERY,2026-01-25T15:19:00.000Z,100010,HENRIQUE LIMA,TITULAR,2020-06-08T10:50:00.000Z
Henrique,Lima,47,-31.52,CAFETERIA,2026-01-26T22:28:00.000Z,100010,HENRIQUE LIMA,TITULAR,2020-06-08T10:50:00.000Z
Henrique,Lima,47,-902.61,POSTO COMBUSTIVEL,2026-01-28T09:18:00.000Z,100010,HENRIQUE LIMA,TITULAR,2020-06-08T10:50:00.000Z
Henrique,Lima,47,-278.70,COMPRA SUPERMERCADO,2026-01-29T16:27:00.000Z,100010,HENRIQUE LIMA,TITULAR,2020-06-08T10:50:00.000Z
Henrique,Lima,47,-1149.79,LOJA DE DEPARTAMENTO,2026-01-30T23:36:00.000Z,100010,HENRIQUE LIMA,TITULAR,2020-06-08T10:50:00.000Z
Henrique,Lima,47,-525.88,LIVRARIA,2026-02-01T10:26:00.000Z,100010,HENRIQUE LIMA,TITULAR,2020-06-08T10:50:00.000Z
Henrique,Lima,47,-1396.97,TRANSPORTE APLICATIVO,2026-02-02T17:35:00.000Z,100010,HENRIQUE LIMA,TITULAR,2020-06-08T10:50:00.000Z
Henrique,Lima,47,-773.06,COMPRA VESTUARIO,2026-02-04T00:44:00.000Z,100010,HENRIQUE LIMA,TITULAR,2020-06-08T10:50:00.000Z
Henrique,Lima,47,-149.15,COMPRA ELETRONICOS,2026-02-05T11:34:00.000Z,100010,HENRIQUE LIMA,TITULAR,2020-06-08T10:50:00.000Z
Henrique,Lima,47,-1020.24,COMPRA FARMACIA,2026-02-06T18:43:00.000Z,100010,HENRIQUE LIMA,TITULAR,2020-06-08T10:50:00.000Z
Henrique,Lima,47,-396.33,CINEMA,2026-02-08T01:52:00.000Z,100010,HENRIQUE LIMA,TITULAR,2020-06-08T10:50:00.000Z
Henrique,Lima,47,-1267.42,PET SHOP,2026-02-09T12:42:00.000Z,100010,HENRIQUE LIMA,TITULAR,2020-06-08T10:50:00.000Z
Henrique,Lima,47,-643.51,ESTACIONAMENTO,2026-02-10T19:51:00.000Z,100010,HENRIQUE LIMA,TITULAR,2020-06-08T10:50:00.000Z
Henrique,Lima,47,-19.60,COMPRA ECOMMERCE,2026-02-12T03:00:00.000Z,100010,HENRIQUE LIMA,TITULAR,2020-06-08T10:50:00.000Z
Henrique,Lima,47,-890.69,ASSINATURA SOFTWARE,2026-02-13T13:50:00.000Z,100010,HENRIQUE LIMA,TITULAR,2020-06-08T10:50:00.000Z
Henrique,Lima,47,-266.78,RESTAURANTE,2026-02-14T20:59:00.000Z,100010,HENRIQUE LIMA,TITULAR,2020-06-08T10:50:00.000Z
Henrique,Lima,47,-1137.87,ASSINATURA STREAMING,2026-02-16T07:49:00.000Z,100010,HENRIQUE LIMA,TITULAR,2020-06-08T10:50:00.000Z
Henrique,Lima,47,-513.96,SERVICO ONLINE,2026-02-17T14:58:00.000Z,100010,HENRIQUE LIMA,TITULAR,2020-06-08T10:50:00.000Z
Henrique,Lima,47,-1385.05,ACADEMIA,2026-02-18T22:07:00.000Z,100010,HENRIQUE LIMA,TITULAR,2020-06-08T10:50:00.000Z
Henrique,Lima,47,-761.14,PADARIA,2026-02-20T08:57:00.000Z,100010,HENRIQUE LIMA,TITULAR,2020-06-08T10:50:00.000Z
Henrique,Lima,47,-137.23,DELIVERY,2026-02-21T16:06:00.000Z,100010,HENRIQUE LIMA,TITULAR,2020-06-08T10:50:00.000Z
Henrique,Lima,47,-1008.32,CAFETERIA,2026-02-22T23:15:00.000Z,100010,HENRIQUE LIMA,TITULAR,2020-06-08T10:50:00.000Z
Henrique,Lima,47,-384.41,POSTO COMBUSTIVEL,2026-02-24T10:05:00.000Z,100010,HENRIQUE LIMA,TITULAR,2020-06-08T10:50:00.000Z
Henrique,Lima,47,-1255.50,COMPRA SUPERMERCADO,2026-02-25T17:14:00.000Z,100010,HENRIQUE LIMA,TITULAR,2020-06-08T10:50:00.000Z
Henrique,Lima,47,-631.59,LOJA DE DEPARTAMENTO,2026-02-27T00:23:00.000Z,100010,HENRIQUE LIMA,TITULAR,2020-06-08T10:50:00.000Z
Henrique,Lima,47,-7.68,LIVRARIA,2026-02-28T11:13:00.000Z,100010,HENRIQUE LIMA,TITULAR,2020-06-08T10:50:00.000Z
Henrique,Lima,47,-878.77,TRANSPORTE APLICATIVO,2026-03-01T18:22:00.000Z,100010,HENRIQUE LIMA,TITULAR,2020-06-08T10:50:00.000Z
Henrique,Lima,47,-254.86,COMPRA VESTUARIO,2026-03-03T01:31:00.000Z,100010,HENRIQUE LIMA,TITULAR,2020-06-08T10:50:00.000Z
Henrique,Lima,47,-1125.95,COMPRA ELETRONICOS,2026-03-04T12:21:00.000Z,100010,HENRIQUE LIMA,TITULAR,2020-06-08T10:50:00.000Z
Henrique,Lima,47,-502.04,COMPRA FARMACIA,2026-03-05T19:30:00.000Z,100010,HENRIQUE LIMA,TITULAR,2020-06-08T10:50:00.000Z
Henrique,Lima,47,-1373.13,CINEMA,2026-03-07T02:39:00.000Z,100010,HENRIQUE LIMA,TITULAR,2020-06-08T10:50:00.000Z
Henrique,Lima,47,-749.22,PET SHOP,2026-03-08T13:29:00.000Z,100010,HENRIQUE LIMA,TITULAR,2020-06-08T10:50:00.000Z
Henrique,Lima,47,-125.31,ESTACIONAMENTO,2026-03-09T20:38:00.000Z,100010,HENRIQUE LIMA,TITULAR,2020-06-08T10:50:00.000Z
Henrique,Lima,47,-996.40,COMPRA ECOMMERCE,2026-03-11T07:28:00.000Z,100010,HENRIQUE LIMA,TITULAR,2020-06-08T10:50:00.000Z
Henrique,Lima,47,-372.49,ASSINATURA SOFTWARE,2026-03-12T14:37:00.000Z,100010,HENRIQUE LIMA,TITULAR,2020-06-08T10:50:00.000Z
Henrique,Lima,47,-1243.58,RESTAURANTE,2026-03-13T21:46:00.000Z,100010,HENRIQUE LIMA,TITULAR,2020-06-08T10:50:00.000Z
Henrique,Lima,47,-619.67,ASSINATURA STREAMING,2026-03-15T08:36:00.000Z,100010,HENRIQUE LIMA,TITULAR,2020-06-08T10:50:00.000Z
Henrique,Lima,47,-1490.76,SERVICO ONLINE,2026-03-16T15:45:00.000Z,100010,HENRIQUE LIMA,TITULAR,2020-06-08T10:50:00.000Z
Henrique,Lima,47,-866.85,ACADEMIA,2026-03-17T22:54:00.000Z,100010,HENRIQUE LIMA,TITULAR,2020-06-08T10:50:00.000Z
Henrique,Lima,47,-242.94,PADARIA,2026-03-19T09:44:00.000Z,100010,HENRIQUE LIMA,TITULAR,2020-06-08T10:50:00.000Z
Henrique,Lima,47,-1114.03,DELIVERY,2026-03-20T16:53:00.000Z,100010,HENRIQUE LIMA,TITULAR,2020-06-08T10:50:00.000Z
Henrique,Lima,47,-490.12,CAFETERIA,2026-03-22T00:02:00.000Z,100010,HENRIQUE LIMA,TITULAR,2020-06-08T10:50:00.000Z
Henrique,Lima,47,-1361.21,POSTO COMBUSTIVEL,2026-03-23T10:52:00.000Z,100010,HENRIQUE LIMA,TITULAR,2020-06-08T10:50:00.000Z
Henrique,Lima,47,-737.30,COMPRA SUPERMERCADO,2026-03-24T18:01:00.000Z,100010,HENRIQUE LIMA,TITULAR,2020-06-08T10:50:00.000Z
Henrique,Lima,47,-113.39,LOJA DE DEPARTAMENTO,2026-03-26T01:10:00.000Z,100010,HENRIQUE LIMA,TITULAR,2020-06-08T10:50:00.000Z
Henrique,Lima,47,-984.48,LIVRARIA,2026-03-27T12:00:00.000Z,100010,HENRIQUE LIMA,TITULAR,2020-06-08T10:50:00.000Z
Henrique,Lima,47,-360.57,TRANSPORTE APLICATIVO,2026-03-28T19:09:00.000Z,100010,HENRIQUE LIMA,TITULAR,2020-06-08T10:50:00.000Z
Henrique,Lima,47,-1231.66,COMPRA VESTUARIO,2026-03-30T02:18:00.000Z,100010,HENRIQUE LIMA,TITULAR,2020-06-08T10:50:00.000Z
Henrique,Lima,47,-607.75,COMPRA ELETRONICOS,2026-03-31T13:08:00.000Z,100010,HENRIQUE LIMA,TITULAR,2020-06-08T10:50:00.000Z
Henrique,Lima,47,-1478.84,COMPRA FARMACIA,2026-04-01T20:17:00.000Z,100010,HENRIQUE LIMA,TITULAR,2020-06-08T10:50:00.000Z
Henrique,Lima,47,-854.93,CINEMA,2026-04-03T07:07:00.000Z,100010,HENRIQUE LIMA,TITULAR,2020-06-08T10:50:00.000Z
Henrique,Lima,47,-231.02,PET SHOP,2026-04-04T14:16:00.000Z,100010,HENRIQUE LIMA,TITULAR,2020-06-08T10:50:00.000Z
Henrique,Lima,47,-1102.11,ESTACIONAMENTO,2026-04-05T21:25:00.000Z,100010,HENRIQUE LIMA,TITULAR,2020-06-08T10:50:00.000Z
Henrique,Lima,47,-478.20,COMPRA ECOMMERCE,2026-04-07T08:15:00.000Z,100010,HENRIQUE LIMA,TITULAR,2020-06-08T10:50:00.000Z
Henrique,Lima,47,-1349.29,ASSINATURA SOFTWARE,2026-04-08T15:24:00.000Z,100010,HENRIQUE LIMA,TITULAR,2020-06-08T10:50:00.000Z
Henrique,Lima,47,-725.38,RESTAURANTE,2026-04-09T22:33:00.000Z,100010,HENRIQUE LIMA,TITULAR,2020-06-08T10:50:00.000Z
Henrique,Lima,47,-101.47,ASSINATURA STREAMING,2026-04-11T09:23:00.000Z,100010,HENRIQUE LIMA,TITULAR,2020-06-08T10:50:00.000Z
Henrique,Lima,47,-972.56,SERVICO ONLINE,2026-04-12T16:32:00.000Z,100010,HENRIQUE LIMA,TITULAR,2020-06-08T10:50:00.000Z
Henrique,Lima,47,-348.65,ACADEMIA,2026-04-13T23:41:00.000Z,100010,HENRIQUE LIMA,TITULAR,2020-06-08T10:50:00.000Z
Henrique,Lima,47,-1219.74,PADARIA,2026-04-15T10:31:00.000Z,100010,HENRIQUE LIMA,TITULAR,2020-06-08T10:50:00.000Z
Henrique,Lima,47,-595.83,DELIVERY,2026-04-16T17:40:00.000Z,100010,HENRIQUE LIMA,TITULAR,2020-06-08T10:50:00.000Z
Henrique,Lima,47,-1466.92,CAFETERIA,2026-04-18T00:49:00.000Z,100010,HENRIQUE LIMA,TITULAR,2020-06-08T10:50:00.000Z
Henrique,Lima,47,-843.01,POSTO COMBUSTIVEL,2026-04-19T11:39:00.000Z,100010,HENRIQUE LIMA,TITULAR,2020-06-08T10:50:00.000Z
Henrique,Lima,47,-219.10,COMPRA SUPERMERCADO,2026-04-20T18:48:00.000Z,100010,HENRIQUE LIMA,TITULAR,2020-06-08T10:50:00.000Z
Henrique,Lima,47,-1090.19,LOJA DE DEPARTAMENTO,2026-04-22T01:57:00.000Z,100010,HENRIQUE LIMA,TITULAR,2020-06-08T10:50:00.000Z
Henrique,Lima,47,-466.28,LIVRARIA,2026-04-23T12:47:00.000Z,100010,HENRIQUE LIMA,TITULAR,2020-06-08T10:50:00.000Z
Henrique,Lima,47,-1337.37,TRANSPORTE APLICATIVO,2026-04-24T19:56:00.000Z,100010,HENRIQUE LIMA,TITULAR,2020-06-08T10:50:00.000Z
Henrique,Lima,47,-713.46,COMPRA VESTUARIO,2026-04-26T06:46:00.000Z,100010,HENRIQUE LIMA,TITULAR,2020-06-08T10:50:00.000Z
Henrique,Lima,47,-89.55,COMPRA ELETRONICOS,2026-04-27T13:55:00.000Z,100010,HENRIQUE LIMA,TITULAR,2020-06-08T10:50:00.000Z
Henrique,Lima,47,-960.64,COMPRA FARMACIA,2026-04-28T21:04:00.000Z,100010,HENRIQUE LIMA,TITULAR,2020-06-08T10:50:00.000Z
Henrique,Lima,47,-336.73,CINEMA,2026-04-30T07:54:00.000Z,100010,HENRIQUE LIMA,TITULAR,2020-06-08T10:50:00.000Z
Henrique,Lima,47,-1207.82,PET SHOP,2026-05-01T15:03:00.000Z,100010,HENRIQUE LIMA,TITULAR,2020-06-08T10:50:00.000Z
Henrique,Lima,47,-583.91,ESTACIONAMENTO,2026-05-02T22:12:00.000Z,100010,HENRIQUE LIMA,TITULAR,2020-06-08T10:50:00.000Z
Henrique,Lima,47,-1455.00,COMPRA ECOMMERCE,2026-05-04T09:02:00.000Z,100010,HENRIQUE LIMA,TITULAR,2020-06-08T10:50:00.000Z
Henrique,Lima,47,-831.09,ASSINATURA SOFTWARE,2026-05-05T16:11:00.000Z,100010,HENRIQUE LIMA,TITULAR,2020-06-08T10:50:00.000Z
Henrique,Lima,47,-207.18,RESTAURANTE,2026-05-06T23:20:00.000Z,100010,HENRIQUE LIMA,TITULAR,2020-06-08T10:50:00.000Z
Henrique,Lima,47,-1078.27,ASSINATURA STREAMING,2026-05-08T10:10:00.000Z,100010,HENRIQUE LIMA,TITULAR,2020-06-08T10:50:00.000Z
Henrique,Lima,47,-454.36,SERVICO ONLINE,2026-05-09T17:19:00.000Z,100010,HENRIQUE LIMA,TITULAR,2020-06-08T10:50:00.000Z
Henrique,Lima,47,-1325.45,ACADEMIA,2026-05-11T00:28:00.000Z,100010,HENRIQUE LIMA,TITULAR,2020-06-08T10:50:00.000Z
Henrique,Lima,47,-701.54,PADARIA,2026-05-12T11:18:00.000Z,100010,HENRIQUE LIMA,TITULAR,2020-06-08T10:50:00.000Z
Henrique,Lima,47,-77.63,DELIVERY,2026-05-13T18:27:00.000Z,100010,HENRIQUE LIMA,TITULAR,2020-06-08T10:50:00.000Z
Henrique,Lima,47,-948.72,CAFETERIA,2026-05-15T01:36:00.000Z,100010,HENRIQUE LIMA,TITULAR,2020-06-08T10:50:00.000Z
Henrique,Lima,47,-324.81,POSTO COMBUSTIVEL,2026-05-16T12:26:00.000Z,100010,HENRIQUE LIMA,TITULAR,2020-06-08T10:50:00.000Z
Henrique,Lima,47,-1195.90,COMPRA SUPERMERCADO,2026-05-17T19:35:00.000Z,100010,HENRIQUE LIMA,TITULAR,2020-06-08T10:50:00.000Z
Henrique,Lima,47,-571.99,LOJA DE DEPARTAMENTO,2026-05-19T06:25:00.000Z,100010,HENRIQUE LIMA,TITULAR,2020-06-08T10:50:00.000Z
Henrique,Lima,47,-1443.08,LIVRARIA,2026-05-20T13:34:00.000Z,100010,HENRIQUE LIMA,TITULAR,2020-06-08T10:50:00.000Z
Henrique,Lima,47,-819.17,TRANSPORTE APLICATIVO,2026-05-21T20:43:00.000Z,100010,HENRIQUE LIMA,TITULAR,2020-06-08T10:50:00.000Z
Henrique,Lima,47,-195.26,COMPRA VESTUARIO,2026-05-23T07:33:00.000Z,100010,HENRIQUE LIMA,TITULAR,2020-06-08T10:50:00.000Z
Henrique,Lima,47,-1066.35,COMPRA ELETRONICOS,2026-05-24T14:42:00.000Z,100010,HENRIQUE LIMA,TITULAR,2020-06-08T10:50:00.000Z
Henrique,Lima,47,-442.44,COMPRA FARMACIA,2026-05-25T21:51:00.000Z,100010,HENRIQUE LIMA,TITULAR,2020-06-08T10:50:00.000Z
Henrique,Lima,47,-1313.53,CINEMA,2026-05-27T08:41:00.000Z,100010,HENRIQUE LIMA,TITULAR,2020-06-08T10:50:00.000Z
Henrique,Lima,47,-689.62,PET SHOP,2026-05-28T15:50:00.000Z,100010,HENRIQUE LIMA,TITULAR,2020-06-08T10:50:00.000Z
Henrique,Lima,47,-65.71,ESTACIONAMENTO,2026-05-29T22:59:00.000Z,100010,HENRIQUE LIMA,TITULAR,2020-06-08T10:50:00.000Z
Henrique,Lima,47,-936.80,COMPRA ECOMMERCE,2026-05-31T09:49:00.000Z,100010,HENRIQUE LIMA,TITULAR,2020-06-08T10:50:00.000Z
Henrique,Lima,47,-312.89,ASSINATURA SOFTWARE,2026-06-01T16:58:00.000Z,100010,HENRIQUE LIMA,TITULAR,2020-06-08T10:50:00.000Z
Henrique,Lima,47,-1183.98,RESTAURANTE,2026-06-03T00:07:00.000Z,100010,HENRIQUE LIMA,TITULAR,2020-06-08T10:50:00.000Z
Henrique,Lima,47,-560.07,ASSINATURA STREAMING,2026-06-04T10:57:00.000Z,100010,HENRIQUE LIMA,TITULAR,2020-06-08T10:50:00.000Z
Henrique,Lima,47,-1431.16,SERVICO ONLINE,2026-06-05T18:06:00.000Z,100010,HENRIQUE LIMA,TITULAR,2020-06-08T10:50:00.000Z
Henrique,Lima,47,-807.25,ACADEMIA,2026-06-07T01:15:00.000Z,100010,HENRIQUE LIMA,TITULAR,2020-06-08T10:50:00.000Z
Henrique,Lima,47,-183.34,PADARIA,2026-06-08T12:05:00.000Z,100010,HENRIQUE LIMA,TITULAR,2020-06-08T10:50:00.000Z
Henrique,Lima,47,-1054.43,DELIVERY,2026-06-09T19:14:00.000Z,100010,HENRIQUE LIMA,TITULAR,2020-06-08T10:50:00.000Z
Henrique,Lima,47,-430.52,CAFETERIA,2026-06-11T06:04:00.000Z,100010,HENRIQUE LIMA,TITULAR,2020-06-08T10:50:00.000Z
Henrique,Lima,47,-1301.61,POSTO COMBUSTIVEL,2026-06-12T13:13:00.000Z,100010,HENRIQUE LIMA,TITULAR,2020-06-08T10:50:00.000Z
Henrique,Lima,47,-677.70,COMPRA SUPERMERCADO,2026-06-13T20:22:00.000Z,100010,HENRIQUE LIMA,TITULAR,2020-06-08T10:50:00.000Z
Henrique,Lima,47,-53.79,LOJA DE DEPARTAMENTO,2026-06-15T07:12:00.000Z,100010,HENRIQUE LIMA,TITULAR,2020-06-08T10:50:00.000Z
Henrique,Lima,47,-924.88,LIVRARIA,2026-06-16T14:21:00.000Z,100010,HENRIQUE LIMA,TITULAR,2020-06-08T10:50:00.000Z
Henrique,Lima,47,-300.97,TRANSPORTE APLICATIVO,2026-06-17T21:30:00.000Z,100010,HENRIQUE LIMA,TITULAR,2020-06-08T10:50:00.000Z
Henrique,Lima,47,-1172.06,COMPRA VESTUARIO,2026-06-19T08:20:00.000Z,100010,HENRIQUE LIMA,TITULAR,2020-06-08T10:50:00.000Z
Henrique,Lima,47,-548.15,COMPRA ELETRONICOS,2026-06-20T15:29:00.000Z,100010,HENRIQUE LIMA,TITULAR,2020-06-08T10:50:00.000Z
Henrique,Lima,47,-1419.24,COMPRA FARMACIA,2026-06-21T22:38:00.000Z,100010,HENRIQUE LIMA,TITULAR,2020-06-08T10:50:00.000Z
Henrique,Lima,47,-795.33,CINEMA,2026-06-23T09:28:00.000Z,100010,HENRIQUE LIMA,TITULAR,2020-06-08T10:50:00.000Z
Henrique,Lima,47,-171.42,PET SHOP,2026-06-24T16:37:00.000Z,100010,HENRIQUE LIMA,TITULAR,2020-06-08T10:50:00.000Z
Henrique,Lima,47,-1042.51,ESTACIONAMENTO,2026-06-25T23:46:00.000Z,100010,HENRIQUE LIMA,TITULAR,2020-06-08T10:50:00.000Z
Henrique,Lima,47,-418.60,COMPRA ECOMMERCE,2026-06-27T10:36:00.000Z,100010,HENRIQUE LIMA,TITULAR,2020-06-08T10:50:00.000Z
Henrique,Lima,47,-1289.69,ASSINATURA SOFTWARE,2026-06-28T17:45:00.000Z,100010,HENRIQUE LIMA,TITULAR,2020-06-08T10:50:00.000Z
Henrique,Lima,47,-665.78,RESTAURANTE,2026-06-30T00:54:00.000Z,100010,HENRIQUE LIMA,TITULAR,2020-06-08T10:50:00.000Z
Henrique,Lima,47,-41.87,ASSINATURA STREAMING,2026-07-01T11:44:00.000Z,100010,HENRIQUE LIMA,TITULAR,2020-06-08T10:50:00.000Z
Henrique,Lima,47,-912.96,SERVICO ONLINE,2026-07-02T18:53:00.000Z,100010,HENRIQUE LIMA,TITULAR,2020-06-08T10:50:00.000Z
Henrique,Lima,47,-289.05,ACADEMIA,2026-07-04T05:43:00.000Z,100010,HENRIQUE LIMA,TITULAR,2020-06-08T10:50:00.000Z
Henrique,Lima,47,-1160.14,PADARIA,2026-07-05T12:52:00.000Z,100010,HENRIQUE LIMA,TITULAR,2020-06-08T10:50:00.000Z
Henrique,Lima,47,-536.23,DELIVERY,2026-07-06T20:01:00.000Z,100010,HENRIQUE LIMA,TITULAR,2020-06-08T10:50:00.000Z
Henrique,Lima,47,-1407.32,CAFETERIA,2026-07-08T06:51:00.000Z,100010,HENRIQUE LIMA,TITULAR,2020-06-08T10:50:00.000Z
Henrique,Lima,47,-783.41,POSTO COMBUSTIVEL,2026-07-09T14:00:00.000Z,100010,HENRIQUE LIMA,TITULAR,2020-06-08T10:50:00.000Z
Henrique,Lima,47,-159.50,COMPRA SUPERMERCADO,2026-07-10T21:09:00.000Z,100010,HENRIQUE LIMA,TITULAR,2020-06-08T10:50:00.000Z
Henrique,Lima,47,-1030.59,LOJA DE DEPARTAMENTO,2026-07-12T07:59:00.000Z,100010,HENRIQUE LIMA,TITULAR,2020-06-08T10:50:00.000Z
Henrique,Lima,47,-406.68,LIVRARIA,2026-07-13T15:08:00.000Z,100010,HENRIQUE LIMA,TITULAR,2020-06-08T10:50:00.000Z
Henrique,Lima,47,-1277.77,TRANSPORTE APLICATIVO,2026-07-14T22:17:00.000Z,100010,HENRIQUE LIMA,TITULAR,2020-06-08T10:50:00.000Z
Henrique,Lima,47,-653.86,COMPRA VESTUARIO,2026-07-16T09:07:00.000Z,100010,HENRIQUE LIMA,TITULAR,2020-06-08T10:50:00.000Z
Henrique,Lima,47,-29.95,COMPRA ELETRONICOS,2026-07-17T16:16:00.000Z,100010,HENRIQUE LIMA,TITULAR,2020-06-08T10:50:00.000Z
Henrique,Lima,47,-901.04,COMPRA FARMACIA,2026-07-18T23:25:00.000Z,100010,HENRIQUE LIMA,TITULAR,2020-06-08T10:50:00.000Z
Henrique,Lima,47,-277.13,CINEMA,2026-07-20T10:15:00.000Z,100010,HENRIQUE LIMA,TITULAR,2020-06-08T10:50:00.000Z
Henrique,Lima,47,-1148.22,PET SHOP,2026-07-21T17:24:00.000Z,100010,HENRIQUE LIMA,TITULAR,2020-06-08T10:50:00.000Z
Henrique,Lima,47,-524.31,ESTACIONAMENTO,2026-07-23T00:33:00.000Z,100010,HENRIQUE LIMA,TITULAR,2020-06-08T10:50:00.000Z
Henrique,Lima,47,-1395.40,COMPRA ECOMMERCE,2026-07-24T11:23:00.000Z,100010,HENRIQUE LIMA,TITULAR,2020-06-08T10:50:00.000Z
Henrique,Lima,47,-771.49,ASSINATURA SOFTWARE,2026-07-25T18:32:00.000Z,100010,HENRIQUE LIMA,TITULAR,2020-06-08T10:50:00.000Z
Henrique,Lima,47,-147.58,RESTAURANTE,2026-07-27T05:22:00.000Z,100010,HENRIQUE LIMA,TITULAR,2020-06-08T10:50:00.000Z
Henrique,Lima,47,-1018.67,ASSINATURA STREAMING,2026-07-28T12:31:00.000Z,100010,HENRIQUE LIMA,TITULAR,2020-06-08T10:50:00.000Z
Henrique,Lima,47,-394.76,SERVICO ONLINE,2026-07-29T19:40:00.000Z,100010,HENRIQUE LIMA,TITULAR,2020-06-08T10:50:00.000Z
Henrique,Lima,47,-1265.85,ACADEMIA,2026-07-31T06:30:00.000Z,100010,HENRIQUE LIMA,TITULAR,2020-06-08T10:50:00.000Z
Henrique,Lima,47,-641.94,PADARIA,2026-08-01T13:39:00.000Z,100010,HENRIQUE LIMA,TITULAR,2020-06-08T10:50:00.000Z
Henrique,Lima,47,-18.03,DELIVERY,2026-08-02T20:48:00.000Z,100010,HENRIQUE LIMA,TITULAR,2020-06-08T10:50:00.000Z
Henrique,Lima,47,-889.12,CAFETERIA,2026-08-04T07:38:00.000Z,100010,HENRIQUE LIMA,TITULAR,2020-06-08T10:50:00.000Z
Henrique,Lima,47,-265.21,POSTO COMBUSTIVEL,2026-08-05T14:47:00.000Z,100010,HENRIQUE LIMA,TITULAR,2020-06-08T10:50:00.000Z
Henrique,Lima,47,-1136.30,COMPRA SUPERMERCADO,2026-08-06T21:56:00.000Z,100010,HENRIQUE LIMA,TITULAR,2020-06-08T10:50:00.000Z
Henrique,Lima,47,-512.39,LOJA DE DEPARTAMENTO,2026-08-08T08:46:00.000Z,100010,HENRIQUE LIMA,TITULAR,2020-06-08T10:50:00.000Z
Henrique,Lima,47,-1383.48,LIVRARIA,2026-08-09T15:55:00.000Z,100010,HENRIQUE LIMA,TITULAR,2020-06-08T10:50:00.000Z
Henrique,Lima,47,-759.57,TRANSPORTE APLICATIVO,2026-08-10T23:04:00.000Z,100010,HENRIQUE LIMA,TITULAR,2020-06-08T10:50:00.000Z
Henrique,Lima,47,-135.66,COMPRA VESTUARIO,2026-08-12T09:54:00.000Z,100010,HENRIQUE LIMA,TITULAR,2020-06-08T10:50:00.000Z
Henrique,Lima,47,-1006.75,COMPRA ELETRONICOS,2026-08-13T17:03:00.000Z,100010,HENRIQUE LIMA,TITULAR,2020-06-08T10:50:00.000Z
Henrique,Lima,47,-382.84,COMPRA FARMACIA,2026-08-15T00:12:00.000Z,100010,HENRIQUE LIMA,TITULAR,2020-06-08T10:50:00.000Z
Henrique,Lima,47,-1253.93,CINEMA,2026-08-16T11:02:00.000Z,100010,HENRIQUE LIMA,TITULAR,2020-06-08T10:50:00.000Z
Henrique,Lima,47,-630.02,PET SHOP,2026-08-17T18:11:00.000Z,100010,HENRIQUE LIMA,TITULAR,2020-06-08T10:50:00.000Z
Henrique,Lima,47,-6.11,ESTACIONAMENTO,2026-08-19T05:01:00.000Z,100010,HENRIQUE LIMA,TITULAR,2020-06-08T10:50:00.000Z
Henrique,Lima,47,-877.20,COMPRA ECOMMERCE,2026-08-20T12:10:00.000Z,100010,HENRIQUE LIMA,TITULAR,2020-06-08T10:50:00.000Z
Henrique,Lima,47,-253.29,ASSINATURA SOFTWARE,2026-08-21T19:19:00.000Z,100010,HENRIQUE LIMA,TITULAR,2020-06-08T10:50:00.000Z
Henrique,Lima,47,-1124.38,RESTAURANTE,2026-08-23T06:09:00.000Z,100010,HENRIQUE LIMA,TITULAR,2020-06-08T10:50:00.000Z
Henrique,Lima,47,-500.47,ASSINATURA STREAMING,2026-08-24T13:18:00.000Z,100010,HENRIQUE LIMA,TITULAR,2020-06-08T10:50:00.000Z
Henrique,Lima,47,-1371.56,SERVICO ONLINE,2026-08-25T20:27:00.000Z,100010,HENRIQUE LIMA,TITULAR,2020-06-08T10:50:00.000Z
Henrique,Lima,47,-747.65,ACADEMIA,2026-08-27T07:17:00.000Z,100010,HENRIQUE LIMA,TITULAR,2020-06-08T10:50:00.000Z
Henrique,Lima,47,-123.74,PADARIA,2026-08-28T14:26:00.000Z,100010,HENRIQUE LIMA,TITULAR,2020-06-08T10:50:00.000Z
Henrique,Lima,47,-994.83,DELIVERY,2026-08-29T21:35:00.000Z,100010,HENRIQUE LIMA,TITULAR,2020-06-08T10:50:00.000Z
Henrique,Lima,47,-370.92,CAFETERIA,2026-08-31T08:25:00.000Z,100010,HENRIQUE LIMA,TITULAR,2020-06-08T10:50:00.000Z
Henrique,Lima,47,-1242.01,POSTO COMBUSTIVEL,2026-09-01T15:34:00.000Z,100010,HENRIQUE LIMA,TITULAR,2020-06-08T10:50:00.000Z
Henrique,Lima,47,-618.10,COMPRA SUPERMERCADO,2026-09-02T22:43:00.000Z,100010,HENRIQUE LIMA,TITULAR,2020-06-08T10:50:00.000Z
Henrique,Lima,47,-876.09,COMPRA VESTUARIO,2026-01-02T18:50:00.000Z,100011,HENRIQUE LIMA,TITULAR,2020-06-08T10:50:00.000Z
Henrique,Lima,47,-252.18,COMPRA ELETRONICOS,2026-01-04T01:59:00.000Z,100011,HENRIQUE LIMA,TITULAR,2020-06-08T10:50:00.000Z
Henrique,Lima,47,-1123.27,COMPRA FARMACIA,2026-01-05T12:49:00.000Z,100011,HENRIQUE LIMA,TITULAR,2020-06-08T10:50:00.000Z
Henrique,Lima,47,-499.36,CINEMA,2026-01-06T19:58:00.000Z,100011,HENRIQUE LIMA,TITULAR,2020-06-08T10:50:00.000Z
Henrique,Lima,47,-1370.45,PET SHOP,2026-01-08T03:07:00.000Z,100011,HENRIQUE LIMA,TITULAR,2020-06-08T10:50:00.000Z
Henrique,Lima,47,-746.54,ESTACIONAMENTO,2026-01-09T13:57:00.000Z,100011,HENRIQUE LIMA,TITULAR,2020-06-08T10:50:00.000Z
Henrique,Lima,47,-122.63,COMPRA ECOMMERCE,2026-01-10T21:06:00.000Z,100011,HENRIQUE LIMA,TITULAR,2020-06-08T10:50:00.000Z
Henrique,Lima,47,-993.72,ASSINATURA SOFTWARE,2026-01-12T04:15:00.000Z,100011,HENRIQUE LIMA,TITULAR,2020-06-08T10:50:00.000Z
Henrique,Lima,47,-369.81,RESTAURANTE,2026-01-13T15:05:00.000Z,100011,HENRIQUE LIMA,TITULAR,2020-06-08T10:50:00.000Z
Henrique,Lima,47,-1240.90,ASSINATURA STREAMING,2026-01-14T22:14:00.000Z,100011,HENRIQUE LIMA,TITULAR,2020-06-08T10:50:00.000Z
Henrique,Lima,47,-616.99,SERVICO ONLINE,2026-01-16T05:23:00.000Z,100011,HENRIQUE LIMA,TITULAR,2020-06-08T10:50:00.000Z
Henrique,Lima,47,-1488.08,ACADEMIA,2026-01-17T16:13:00.000Z,100011,HENRIQUE LIMA,TITULAR,2020-06-08T10:50:00.000Z
Henrique,Lima,47,-864.17,PADARIA,2026-01-18T23:22:00.000Z,100011,HENRIQUE LIMA,TITULAR,2020-06-08T10:50:00.000Z
Henrique,Lima,47,-240.26,DELIVERY,2026-01-20T06:31:00.000Z,100011,HENRIQUE LIMA,TITULAR,2020-06-08T10:50:00.000Z
Henrique,Lima,47,-1111.35,CAFETERIA,2026-01-21T17:21:00.000Z,100011,HENRIQUE LIMA,TITULAR,2020-06-08T10:50:00.000Z
Henrique,Lima,47,-487.44,POSTO COMBUSTIVEL,2026-01-23T00:30:00.000Z,100011,HENRIQUE LIMA,TITULAR,2020-06-08T10:50:00.000Z
Henrique,Lima,47,-1358.53,COMPRA SUPERMERCADO,2026-01-24T07:39:00.000Z,100011,HENRIQUE LIMA,TITULAR,2020-06-08T10:50:00.000Z
Henrique,Lima,47,-734.62,LOJA DE DEPARTAMENTO,2026-01-25T18:29:00.000Z,100011,HENRIQUE LIMA,TITULAR,2020-06-08T10:50:00.000Z
Henrique,Lima,47,-110.71,LIVRARIA,2026-01-27T01:38:00.000Z,100011,HENRIQUE LIMA,TITULAR,2020-06-08T10:50:00.000Z
Henrique,Lima,47,-981.80,TRANSPORTE APLICATIVO,2026-01-28T12:28:00.000Z,100011,HENRIQUE LIMA,TITULAR,2020-06-08T10:50:00.000Z
Henrique,Lima,47,-357.89,COMPRA VESTUARIO,2026-01-29T19:37:00.000Z,100011,HENRIQUE LIMA,TITULAR,2020-06-08T10:50:00.000Z
Henrique,Lima,47,-1228.98,COMPRA ELETRONICOS,2026-01-31T02:46:00.000Z,100011,HENRIQUE LIMA,TITULAR,2020-06-08T10:50:00.000Z
Henrique,Lima,47,-605.07,COMPRA FARMACIA,2026-02-01T13:36:00.000Z,100011,HENRIQUE LIMA,TITULAR,2020-06-08T10:50:00.000Z
Henrique,Lima,47,-1476.16,CINEMA,2026-02-02T20:45:00.000Z,100011,HENRIQUE LIMA,TITULAR,2020-06-08T10:50:00.000Z
Henrique,Lima,47,-852.25,PET SHOP,2026-02-04T03:54:00.000Z,100011,HENRIQUE LIMA,TITULAR,2020-06-08T10:50:00.000Z
Henrique,Lima,47,-228.34,ESTACIONAMENTO,2026-02-05T14:44:00.000Z,100011,HENRIQUE LIMA,TITULAR,2020-06-08T10:50:00.000Z
Henrique,Lima,47,-1099.43,COMPRA ECOMMERCE,2026-02-06T21:53:00.000Z,100011,HENRIQUE LIMA,TITULAR,2020-06-08T10:50:00.000Z
Henrique,Lima,47,-475.52,ASSINATURA SOFTWARE,2026-02-08T05:02:00.000Z,100011,HENRIQUE LIMA,TITULAR,2020-06-08T10:50:00.000Z
Henrique,Lima,47,-1346.61,RESTAURANTE,2026-02-09T15:52:00.000Z,100011,HENRIQUE LIMA,TITULAR,2020-06-08T10:50:00.000Z
Henrique,Lima,47,-722.70,ASSINATURA STREAMING,2026-02-10T23:01:00.000Z,100011,HENRIQUE LIMA,TITULAR,2020-06-08T10:50:00.000Z
Henrique,Lima,47,-98.79,SERVICO ONLINE,2026-02-12T06:10:00.000Z,100011,HENRIQUE LIMA,TITULAR,2020-06-08T10:50:00.000Z
Henrique,Lima,47,-969.88,ACADEMIA,2026-02-13T17:00:00.000Z,100011,HENRIQUE LIMA,TITULAR,2020-06-08T10:50:00.000Z
Henrique,Lima,47,-345.97,PADARIA,2026-02-15T00:09:00.000Z,100011,HENRIQUE LIMA,TITULAR,2020-06-08T10:50:00.000Z
Henrique,Lima,47,-1217.06,DELIVERY,2026-02-16T07:18:00.000Z,100011,HENRIQUE LIMA,TITULAR,2020-06-08T10:50:00.000Z
Henrique,Lima,47,-593.15,CAFETERIA,2026-02-17T18:08:00.000Z,100011,HENRIQUE LIMA,TITULAR,2020-06-08T10:50:00.000Z
Henrique,Lima,47,-1464.24,POSTO COMBUSTIVEL,2026-02-19T01:17:00.000Z,100011,HENRIQUE LIMA,TITULAR,2020-06-08T10:50:00.000Z
Henrique,Lima,47,-840.33,COMPRA SUPERMERCADO,2026-02-20T12:07:00.000Z,100011,HENRIQUE LIMA,TITULAR,2020-06-08T10:50:00.000Z
Henrique,Lima,47,-216.42,LOJA DE DEPARTAMENTO,2026-02-21T19:16:00.000Z,100011,HENRIQUE LIMA,TITULAR,2020-06-08T10:50:00.000Z
Henrique,Lima,47,-1087.51,LIVRARIA,2026-02-23T02:25:00.000Z,100011,HENRIQUE LIMA,TITULAR,2020-06-08T10:50:00.000Z
Henrique,Lima,47,-463.60,TRANSPORTE APLICATIVO,2026-02-24T13:15:00.000Z,100011,HENRIQUE LIMA,TITULAR,2020-06-08T10:50:00.000Z
Henrique,Lima,47,-1334.69,COMPRA VESTUARIO,2026-02-25T20:24:00.000Z,100011,HENRIQUE LIMA,TITULAR,2020-06-08T10:50:00.000Z
Henrique,Lima,47,-710.78,COMPRA ELETRONICOS,2026-02-27T03:33:00.000Z,100011,HENRIQUE LIMA,TITULAR,2020-06-08T10:50:00.000Z
Henrique,Lima,47,-86.87,COMPRA FARMACIA,2026-02-28T14:23:00.000Z,100011,HENRIQUE LIMA,TITULAR,2020-06-08T10:50:00.000Z
Henrique,Lima,47,-957.96,CINEMA,2026-03-01T21:32:00.000Z,100011,HENRIQUE LIMA,TITULAR,2020-06-08T10:50:00.000Z
Henrique,Lima,47,-334.05,PET SHOP,2026-03-03T04:41:00.000Z,100011,HENRIQUE LIMA,TITULAR,2020-06-08T10:50:00.000Z
Henrique,Lima,47,-1205.14,ESTACIONAMENTO,2026-03-04T15:31:00.000Z,100011,HENRIQUE LIMA,TITULAR,2020-06-08T10:50:00.000Z
Henrique,Lima,47,-581.23,COMPRA ECOMMERCE,2026-03-05T22:40:00.000Z,100011,HENRIQUE LIMA,TITULAR,2020-06-08T10:50:00.000Z
Henrique,Lima,47,-1452.32,ASSINATURA SOFTWARE,2026-03-07T05:49:00.000Z,100011,HENRIQUE LIMA,TITULAR,2020-06-08T10:50:00.000Z
Henrique,Lima,47,-828.41,RESTAURANTE,2026-03-08T16:39:00.000Z,100011,HENRIQUE LIMA,TITULAR,2020-06-08T10:50:00.000Z
Henrique,Lima,47,-204.50,ASSINATURA STREAMING,2026-03-09T23:48:00.000Z,100011,HENRIQUE LIMA,TITULAR,2020-06-08T10:50:00.000Z
Henrique,Lima,47,-1075.59,SERVICO ONLINE,2026-03-11T06:57:00.000Z,100011,HENRIQUE LIMA,TITULAR,2020-06-08T10:50:00.000Z
Henrique,Lima,47,-451.68,ACADEMIA,2026-03-12T17:47:00.000Z,100011,HENRIQUE LIMA,TITULAR,2020-06-08T10:50:00.000Z
Henrique,Lima,47,-1322.77,PADARIA,2026-03-14T00:56:00.000Z,100011,HENRIQUE LIMA,TITULAR,2020-06-08T10:50:00.000Z
Henrique,Lima,47,-698.86,DELIVERY,2026-03-15T11:46:00.000Z,100011,HENRIQUE LIMA,TITULAR,2020-06-08T10:50:00.000Z
Henrique,Lima,47,-74.95,CAFETERIA,2026-03-16T18:55:00.000Z,100011,HENRIQUE LIMA,TITULAR,2020-06-08T10:50:00.000Z
Henrique,Lima,47,-946.04,POSTO COMBUSTIVEL,2026-03-18T02:04:00.000Z,100011,HENRIQUE LIMA,TITULAR,2020-06-08T10:50:00.000Z
Henrique,Lima,47,-322.13,COMPRA SUPERMERCADO,2026-03-19T12:54:00.000Z,100011,HENRIQUE LIMA,TITULAR,2020-06-08T10:50:00.000Z
Henrique,Lima,47,-1193.22,LOJA DE DEPARTAMENTO,2026-03-20T20:03:00.000Z,100011,HENRIQUE LIMA,TITULAR,2020-06-08T10:50:00.000Z
Henrique,Lima,47,-569.31,LIVRARIA,2026-03-22T03:12:00.000Z,100011,HENRIQUE LIMA,TITULAR,2020-06-08T10:50:00.000Z
Henrique,Lima,47,-1440.40,TRANSPORTE APLICATIVO,2026-03-23T14:02:00.000Z,100011,HENRIQUE LIMA,TITULAR,2020-06-08T10:50:00.000Z
Henrique,Lima,47,-816.49,COMPRA VESTUARIO,2026-03-24T21:11:00.000Z,100011,HENRIQUE LIMA,TITULAR,2020-06-08T10:50:00.000Z
Henrique,Lima,47,-192.58,COMPRA ELETRONICOS,2026-03-26T04:20:00.000Z,100011,HENRIQUE LIMA,TITULAR,2020-06-08T10:50:00.000Z
Henrique,Lima,47,-1063.67,COMPRA FARMACIA,2026-03-27T15:10:00.000Z,100011,HENRIQUE LIMA,TITULAR,2020-06-08T10:50:00.000Z
Henrique,Lima,47,-439.76,CINEMA,2026-03-28T22:19:00.000Z,100011,HENRIQUE LIMA,TITULAR,2020-06-08T10:50:00.000Z
Henrique,Lima,47,-1310.85,PET SHOP,2026-03-30T05:28:00.000Z,100011,HENRIQUE LIMA,TITULAR,2020-06-08T10:50:00.000Z
Henrique,Lima,47,-686.94,ESTACIONAMENTO,2026-03-31T16:18:00.000Z,100011,HENRIQUE LIMA,TITULAR,2020-06-08T10:50:00.000Z
Henrique,Lima,47,-63.03,COMPRA ECOMMERCE,2026-04-01T23:27:00.000Z,100011,HENRIQUE LIMA,TITULAR,2020-06-08T10:50:00.000Z
Henrique,Lima,47,-934.12,ASSINATURA SOFTWARE,2026-04-03T06:36:00.000Z,100011,HENRIQUE LIMA,TITULAR,2020-06-08T10:50:00.000Z
Henrique,Lima,47,-310.21,RESTAURANTE,2026-04-04T17:26:00.000Z,100011,HENRIQUE LIMA,TITULAR,2020-06-08T10:50:00.000Z
Henrique,Lima,47,-1181.30,ASSINATURA STREAMING,2026-04-06T00:35:00.000Z,100011,HENRIQUE LIMA,TITULAR,2020-06-08T10:50:00.000Z
Henrique,Lima,47,-557.39,SERVICO ONLINE,2026-04-07T11:25:00.000Z,100011,HENRIQUE LIMA,TITULAR,2020-06-08T10:50:00.000Z
Henrique,Lima,47,-1428.48,ACADEMIA,2026-04-08T18:34:00.000Z,100011,HENRIQUE LIMA,TITULAR,2020-06-08T10:50:00.000Z
Henrique,Lima,47,-804.57,PADARIA,2026-04-10T01:43:00.000Z,100011,HENRIQUE LIMA,TITULAR,2020-06-08T10:50:00.000Z
Henrique,Lima,47,-180.66,DELIVERY,2026-04-11T12:33:00.000Z,100011,HENRIQUE LIMA,TITULAR,2020-06-08T10:50:00.000Z
Henrique,Lima,47,-1051.75,CAFETERIA,2026-04-12T19:42:00.000Z,100011,HENRIQUE LIMA,TITULAR,2020-06-08T10:50:00.000Z
Henrique,Lima,47,-427.84,POSTO COMBUSTIVEL,2026-04-14T02:51:00.000Z,100011,HENRIQUE LIMA,TITULAR,2020-06-08T10:50:00.000Z
Henrique,Lima,47,-1298.93,COMPRA SUPERMERCADO,2026-04-15T13:41:00.000Z,100011,HENRIQUE LIMA,TITULAR,2020-06-08T10:50:00.000Z
Henrique,Lima,47,-675.02,LOJA DE DEPARTAMENTO,2026-04-16T20:50:00.000Z,100011,HENRIQUE LIMA,TITULAR,2020-06-08T10:50:00.000Z
Henrique,Lima,47,-51.11,LIVRARIA,2026-04-18T03:59:00.000Z,100011,HENRIQUE LIMA,TITULAR,2020-06-08T10:50:00.000Z
Henrique,Lima,47,-922.20,TRANSPORTE APLICATIVO,2026-04-19T14:49:00.000Z,100011,HENRIQUE LIMA,TITULAR,2020-06-08T10:50:00.000Z
Henrique,Lima,47,-298.29,COMPRA VESTUARIO,2026-04-20T21:58:00.000Z,100011,HENRIQUE LIMA,TITULAR,2020-06-08T10:50:00.000Z
Henrique,Lima,47,-1169.38,COMPRA ELETRONICOS,2026-04-22T05:07:00.000Z,100011,HENRIQUE LIMA,TITULAR,2020-06-08T10:50:00.000Z
Henrique,Lima,47,-545.47,COMPRA FARMACIA,2026-04-23T15:57:00.000Z,100011,HENRIQUE LIMA,TITULAR,2020-06-08T10:50:00.000Z
Henrique,Lima,47,-1416.56,CINEMA,2026-04-24T23:06:00.000Z,100011,HENRIQUE LIMA,TITULAR,2020-06-08T10:50:00.000Z
Henrique,Lima,47,-792.65,PET SHOP,2026-04-26T06:15:00.000Z,100011,HENRIQUE LIMA,TITULAR,2020-06-08T10:50:00.000Z
Henrique,Lima,47,-168.74,ESTACIONAMENTO,2026-04-27T17:05:00.000Z,100011,HENRIQUE LIMA,TITULAR,2020-06-08T10:50:00.000Z
Henrique,Lima,47,-1039.83,COMPRA ECOMMERCE,2026-04-29T00:14:00.000Z,100011,HENRIQUE LIMA,TITULAR,2020-06-08T10:50:00.000Z
Henrique,Lima,47,-415.92,ASSINATURA SOFTWARE,2026-04-30T11:04:00.000Z,100011,HENRIQUE LIMA,TITULAR,2020-06-08T10:50:00.000Z
Henrique,Lima,47,-1287.01,RESTAURANTE,2026-05-01T18:13:00.000Z,100011,HENRIQUE LIMA,TITULAR,2020-06-08T10:50:00.000Z
Henrique,Lima,47,-663.10,ASSINATURA STREAMING,2026-05-03T01:22:00.000Z,100011,HENRIQUE LIMA,TITULAR,2020-06-08T10:50:00.000Z
Henrique,Lima,47,-39.19,SERVICO ONLINE,2026-05-04T12:12:00.000Z,100011,HENRIQUE LIMA,TITULAR,2020-06-08T10:50:00.000Z
Henrique,Lima,47,-910.28,ACADEMIA,2026-05-05T19:21:00.000Z,100011,HENRIQUE LIMA,TITULAR,2020-06-08T10:50:00.000Z
Henrique,Lima,47,-286.37,PADARIA,2026-05-07T02:30:00.000Z,100011,HENRIQUE LIMA,TITULAR,2020-06-08T10:50:00.000Z
Henrique,Lima,47,-1157.46,DELIVERY,2026-05-08T13:20:00.000Z,100011,HENRIQUE LIMA,TITULAR,2020-06-08T10:50:00.000Z
Henrique,Lima,47,-533.55,CAFETERIA,2026-05-09T20:29:00.000Z,100011,HENRIQUE LIMA,TITULAR,2020-06-08T10:50:00.000Z
Henrique,Lima,47,-1404.64,POSTO COMBUSTIVEL,2026-05-11T03:38:00.000Z,100011,HENRIQUE LIMA,TITULAR,2020-06-08T10:50:00.000Z
Henrique,Lima,47,-780.73,COMPRA SUPERMERCADO,2026-05-12T14:28:00.000Z,100011,HENRIQUE LIMA,TITULAR,2020-06-08T10:50:00.000Z
Henrique,Lima,47,-156.82,LOJA DE DEPARTAMENTO,2026-05-13T21:37:00.000Z,100011,HENRIQUE LIMA,TITULAR,2020-06-08T10:50:00.000Z
Henrique,Lima,47,-1027.91,LIVRARIA,2026-05-15T04:46:00.000Z,100011,HENRIQUE LIMA,TITULAR,2020-06-08T10:50:00.000Z
Henrique,Lima,47,-404.00,TRANSPORTE APLICATIVO,2026-05-16T15:36:00.000Z,100011,HENRIQUE LIMA,TITULAR,2020-06-08T10:50:00.000Z
Henrique,Lima,47,-1275.09,COMPRA VESTUARIO,2026-05-17T22:45:00.000Z,100011,HENRIQUE LIMA,TITULAR,2020-06-08T10:50:00.000Z
Henrique,Lima,47,-651.18,COMPRA ELETRONICOS,2026-05-19T05:54:00.000Z,100011,HENRIQUE LIMA,TITULAR,2020-06-08T10:50:00.000Z
Henrique,Lima,47,-27.27,COMPRA FARMACIA,2026-05-20T16:44:00.000Z,100011,HENRIQUE LIMA,TITULAR,2020-06-08T10:50:00.000Z
Henrique,Lima,47,-898.36,CINEMA,2026-05-21T23:53:00.000Z,100011,HENRIQUE LIMA,TITULAR,2020-06-08T10:50:00.000Z
Henrique,Lima,47,-274.45,PET SHOP,2026-05-23T10:43:00.000Z,100011,HENRIQUE LIMA,TITULAR,2020-06-08T10:50:00.000Z
Henrique,Lima,47,-1145.54,ESTACIONAMENTO,2026-05-24T17:52:00.000Z,100011,HENRIQUE LIMA,TITULAR,2020-06-08T10:50:00.000Z
Henrique,Lima,47,-521.63,COMPRA ECOMMERCE,2026-05-26T01:01:00.000Z,100011,HENRIQUE LIMA,TITULAR,2020-06-08T10:50:00.000Z
Henrique,Lima,47,-1392.72,ASSINATURA SOFTWARE,2026-05-27T11:51:00.000Z,100011,HENRIQUE LIMA,TITULAR,2020-06-08T10:50:00.000Z
Henrique,Lima,47,-768.81,RESTAURANTE,2026-05-28T19:00:00.000Z,100011,HENRIQUE LIMA,TITULAR,2020-06-08T10:50:00.000Z
Henrique,Lima,47,-144.90,ASSINATURA STREAMING,2026-05-30T02:09:00.000Z,100011,HENRIQUE LIMA,TITULAR,2020-06-08T10:50:00.000Z
Henrique,Lima,47,-1015.99,SERVICO ONLINE,2026-05-31T12:59:00.000Z,100011,HENRIQUE LIMA,TITULAR,2020-06-08T10:50:00.000Z
Henrique,Lima,47,-392.08,ACADEMIA,2026-06-01T20:08:00.000Z,100011,HENRIQUE LIMA,TITULAR,2020-06-08T10:50:00.000Z
Henrique,Lima,47,-1263.17,PADARIA,2026-06-03T03:17:00.000Z,100011,HENRIQUE LIMA,TITULAR,2020-06-08T10:50:00.000Z
Henrique,Lima,47,-639.26,DELIVERY,2026-06-04T14:07:00.000Z,100011,HENRIQUE LIMA,TITULAR,2020-06-08T10:50:00.000Z
Henrique,Lima,47,-15.35,CAFETERIA,2026-06-05T21:16:00.000Z,100011,HENRIQUE LIMA,TITULAR,2020-06-08T10:50:00.000Z
Henrique,Lima,47,-886.44,POSTO COMBUSTIVEL,2026-06-07T04:25:00.000Z,100011,HENRIQUE LIMA,TITULAR,2020-06-08T10:50:00.000Z
Henrique,Lima,47,-262.53,COMPRA SUPERMERCADO,2026-06-08T15:15:00.000Z,100011,HENRIQUE LIMA,TITULAR,2020-06-08T10:50:00.000Z
Henrique,Lima,47,-1133.62,LOJA DE DEPARTAMENTO,2026-06-09T22:24:00.000Z,100011,HENRIQUE LIMA,TITULAR,2020-06-08T10:50:00.000Z
Henrique,Lima,47,-509.71,LIVRARIA,2026-06-11T05:33:00.000Z,100011,HENRIQUE LIMA,TITULAR,2020-06-08T10:50:00.000Z
Henrique,Lima,47,-1380.80,TRANSPORTE APLICATIVO,2026-06-12T16:23:00.000Z,100011,HENRIQUE LIMA,TITULAR,2020-06-08T10:50:00.000Z
Henrique,Lima,47,-756.89,COMPRA VESTUARIO,2026-06-13T23:32:00.000Z,100011,HENRIQUE LIMA,TITULAR,2020-06-08T10:50:00.000Z
Henrique,Lima,47,-132.98,COMPRA ELETRONICOS,2026-06-15T10:22:00.000Z,100011,HENRIQUE LIMA,TITULAR,2020-06-08T10:50:00.000Z
Henrique,Lima,47,-1004.07,COMPRA FARMACIA,2026-06-16T17:31:00.000Z,100011,HENRIQUE LIMA,TITULAR,2020-06-08T10:50:00.000Z
Henrique,Lima,47,-380.16,CINEMA,2026-06-18T00:40:00.000Z,100011,HENRIQUE LIMA,TITULAR,2020-06-08T10:50:00.000Z
Henrique,Lima,47,-1251.25,PET SHOP,2026-06-19T11:30:00.000Z,100011,HENRIQUE LIMA,TITULAR,2020-06-08T10:50:00.000Z
Henrique,Lima,47,-627.34,ESTACIONAMENTO,2026-06-20T18:39:00.000Z,100011,HENRIQUE LIMA,TITULAR,2020-06-08T10:50:00.000Z
Henrique,Lima,47,-1498.43,COMPRA ECOMMERCE,2026-06-22T01:48:00.000Z,100011,HENRIQUE LIMA,TITULAR,2020-06-08T10:50:00.000Z
Henrique,Lima,47,-874.52,ASSINATURA SOFTWARE,2026-06-23T12:38:00.000Z,100011,HENRIQUE LIMA,TITULAR,2020-06-08T10:50:00.000Z
Henrique,Lima,47,-250.61,RESTAURANTE,2026-06-24T19:47:00.000Z,100011,HENRIQUE LIMA,TITULAR,2020-06-08T10:50:00.000Z
Henrique,Lima,47,-1121.70,ASSINATURA STREAMING,2026-06-26T02:56:00.000Z,100011,HENRIQUE LIMA,TITULAR,2020-06-08T10:50:00.000Z
Henrique,Lima,47,-497.79,SERVICO ONLINE,2026-06-27T13:46:00.000Z,100011,HENRIQUE LIMA,TITULAR,2020-06-08T10:50:00.000Z
Henrique,Lima,47,-1368.88,ACADEMIA,2026-06-28T20:55:00.000Z,100011,HENRIQUE LIMA,TITULAR,2020-06-08T10:50:00.000Z
Henrique,Lima,47,-744.97,PADARIA,2026-06-30T04:04:00.000Z,100011,HENRIQUE LIMA,TITULAR,2020-06-08T10:50:00.000Z
Henrique,Lima,47,-121.06,DELIVERY,2026-07-01T14:54:00.000Z,100011,HENRIQUE LIMA,TITULAR,2020-06-08T10:50:00.000Z
Henrique,Lima,47,-992.15,CAFETERIA,2026-07-02T22:03:00.000Z,100011,HENRIQUE LIMA,TITULAR,2020-06-08T10:50:00.000Z
Henrique,Lima,47,-368.24,POSTO COMBUSTIVEL,2026-07-04T05:12:00.000Z,100011,HENRIQUE LIMA,TITULAR,2020-06-08T10:50:00.000Z
Henrique,Lima,47,-1239.33,COMPRA SUPERMERCADO,2026-07-05T16:02:00.000Z,100011,HENRIQUE LIMA,TITULAR,2020-06-08T10:50:00.000Z
Henrique,Lima,47,-615.42,LOJA DE DEPARTAMENTO,2026-07-06T23:11:00.000Z,100011,HENRIQUE LIMA,TITULAR,2020-06-08T10:50:00.000Z
Henrique,Lima,47,-1486.51,LIVRARIA,2026-07-08T10:01:00.000Z,100011,HENRIQUE LIMA,TITULAR,2020-06-08T10:50:00.000Z
Henrique,Lima,47,-862.60,TRANSPORTE APLICATIVO,2026-07-09T17:10:00.000Z,100011,HENRIQUE LIMA,TITULAR,2020-06-08T10:50:00.000Z
Henrique,Lima,47,-238.69,COMPRA VESTUARIO,2026-07-11T00:19:00.000Z,100011,HENRIQUE LIMA,TITULAR,2020-06-08T10:50:00.000Z
Henrique,Lima,47,-1109.78,COMPRA ELETRONICOS,2026-07-12T11:09:00.000Z,100011,HENRIQUE LIMA,TITULAR,2020-06-08T10:50:00.000Z
Henrique,Lima,47,-485.87,COMPRA FARMACIA,2026-07-13T18:18:00.000Z,100011,HENRIQUE LIMA,TITULAR,2020-06-08T10:50:00.000Z
Henrique,Lima,47,-1356.96,CINEMA,2026-07-15T01:27:00.000Z,100011,HENRIQUE LIMA,TITULAR,2020-06-08T10:50:00.000Z
Henrique,Lima,47,-733.05,PET SHOP,2026-07-16T12:17:00.000Z,100011,HENRIQUE LIMA,TITULAR,2020-06-08T10:50:00.000Z
Henrique,Lima,47,-109.14,ESTACIONAMENTO,2026-07-17T19:26:00.000Z,100011,HENRIQUE LIMA,TITULAR,2020-06-08T10:50:00.000Z
Henrique,Lima,47,-980.23,COMPRA ECOMMERCE,2026-07-19T02:35:00.000Z,100011,HENRIQUE LIMA,TITULAR,2020-06-08T10:50:00.000Z
Henrique,Lima,47,-356.32,ASSINATURA SOFTWARE,2026-07-20T13:25:00.000Z,100011,HENRIQUE LIMA,TITULAR,2020-06-08T10:50:00.000Z
Henrique,Lima,47,-1227.41,RESTAURANTE,2026-07-21T20:34:00.000Z,100011,HENRIQUE LIMA,TITULAR,2020-06-08T10:50:00.000Z
Henrique,Lima,47,-603.50,ASSINATURA STREAMING,2026-07-23T03:43:00.000Z,100011,HENRIQUE LIMA,TITULAR,2020-06-08T10:50:00.000Z
Henrique,Lima,47,-1474.59,SERVICO ONLINE,2026-07-24T14:33:00.000Z,100011,HENRIQUE LIMA,TITULAR,2020-06-08T10:50:00.000Z
Henrique,Lima,47,-850.68,ACADEMIA,2026-07-25T21:42:00.000Z,100011,HENRIQUE LIMA,TITULAR,2020-06-08T10:50:00.000Z
Henrique,Lima,47,-226.77,PADARIA,2026-07-27T04:51:00.000Z,100011,HENRIQUE LIMA,TITULAR,2020-06-08T10:50:00.000Z
Henrique,Lima,47,-1097.86,DELIVERY,2026-07-28T15:41:00.000Z,100011,HENRIQUE LIMA,TITULAR,2020-06-08T10:50:00.000Z
Henrique,Lima,47,-473.95,CAFETERIA,2026-07-29T22:50:00.000Z,100011,HENRIQUE LIMA,TITULAR,2020-06-08T10:50:00.000Z
Henrique,Lima,47,-1345.04,POSTO COMBUSTIVEL,2026-07-31T09:40:00.000Z,100011,HENRIQUE LIMA,TITULAR,2020-06-08T10:50:00.000Z
Henrique,Lima,47,-721.13,COMPRA SUPERMERCADO,2026-08-01T16:49:00.000Z,100011,HENRIQUE LIMA,TITULAR,2020-06-08T10:50:00.000Z
Henrique,Lima,47,-97.22,LOJA DE DEPARTAMENTO,2026-08-02T23:58:00.000Z,100011,HENRIQUE LIMA,TITULAR,2020-06-08T10:50:00.000Z
Henrique,Lima,47,-968.31,LIVRARIA,2026-08-04T10:48:00.000Z,100011,HENRIQUE LIMA,TITULAR,2020-06-08T10:50:00.000Z
Henrique,Lima,47,-344.40,TRANSPORTE APLICATIVO,2026-08-05T17:57:00.000Z,100011,HENRIQUE LIMA,TITULAR,2020-06-08T10:50:00.000Z
Henrique,Lima,47,-1215.49,COMPRA VESTUARIO,2026-08-07T01:06:00.000Z,100011,HENRIQUE LIMA,TITULAR,2020-06-08T10:50:00.000Z
Henrique,Lima,47,-591.58,COMPRA ELETRONICOS,2026-08-08T11:56:00.000Z,100011,HENRIQUE LIMA,TITULAR,2020-06-08T10:50:00.000Z
Henrique,Lima,47,-1462.67,COMPRA FARMACIA,2026-08-09T19:05:00.000Z,100011,HENRIQUE LIMA,TITULAR,2020-06-08T10:50:00.000Z
Henrique,Lima,47,-838.76,CINEMA,2026-08-11T02:14:00.000Z,100011,HENRIQUE LIMA,TITULAR,2020-06-08T10:50:00.000Z
Henrique,Lima,47,-214.85,PET SHOP,2026-08-12T13:04:00.000Z,100011,HENRIQUE LIMA,TITULAR,2020-06-08T10:50:00.000Z
Henrique,Lima,47,-1085.94,ESTACIONAMENTO,2026-08-13T20:13:00.000Z,100011,HENRIQUE LIMA,TITULAR,2020-06-08T10:50:00.000Z
Henrique,Lima,47,-462.03,COMPRA ECOMMERCE,2026-08-15T03:22:00.000Z,100011,HENRIQUE LIMA,TITULAR,2020-06-08T10:50:00.000Z
Henrique,Lima,47,-1333.12,ASSINATURA SOFTWARE,2026-08-16T14:12:00.000Z,100011,HENRIQUE LIMA,TITULAR,2020-06-08T10:50:00.000Z
Henrique,Lima,47,-709.21,RESTAURANTE,2026-08-17T21:21:00.000Z,100011,HENRIQUE LIMA,TITULAR,2020-06-08T10:50:00.000Z
Henrique,Lima,47,-85.30,ASSINATURA STREAMING,2026-08-19T04:30:00.000Z,100011,HENRIQUE LIMA,TITULAR,2020-06-08T10:50:00.000Z
Henrique,Lima,47,-956.39,SERVICO ONLINE,2026-08-20T15:20:00.000Z,100011,HENRIQUE LIMA,TITULAR,2020-06-08T10:50:00.000Z
Henrique,Lima,47,-332.48,ACADEMIA,2026-08-21T22:29:00.000Z,100011,HENRIQUE LIMA,TITULAR,2020-06-08T10:50:00.000Z
Henrique,Lima,47,-1203.57,PADARIA,2026-08-23T09:19:00.000Z,100011,HENRIQUE LIMA,TITULAR,2020-06-08T10:50:00.000Z
Henrique,Lima,47,-579.66,DELIVERY,2026-08-24T16:28:00.000Z,100011,HENRIQUE LIMA,TITULAR,2020-06-08T10:50:00.000Z
Henrique,Lima,47,-1450.75,CAFETERIA,2026-08-25T23:37:00.000Z,100011,HENRIQUE LIMA,TITULAR,2020-06-08T10:50:00.000Z
Henrique,Lima,47,-826.84,POSTO COMBUSTIVEL,2026-08-27T10:27:00.000Z,100011,HENRIQUE LIMA,TITULAR,2020-06-08T10:50:00.000Z
Henrique,Lima,47,-202.93,COMPRA SUPERMERCADO,2026-08-28T17:36:00.000Z,100011,HENRIQUE LIMA,TITULAR,2020-06-08T10:50:00.000Z
Henrique,Lima,47,-1074.02,LOJA DE DEPARTAMENTO,2026-08-30T00:45:00.000Z,100011,HENRIQUE LIMA,TITULAR,2020-06-08T10:50:00.000Z
Henrique,Lima,47,-450.11,LIVRARIA,2026-08-31T11:35:00.000Z,100011,HENRIQUE LIMA,TITULAR,2020-06-08T10:50:00.000Z
Henrique,Lima,47,-1321.20,TRANSPORTE APLICATIVO,2026-09-01T18:44:00.000Z,100011,HENRIQUE LIMA,TITULAR,2020-06-08T10:50:00.000Z
Henrique,Lima,47,-697.29,COMPRA VESTUARIO,2026-09-03T01:53:00.000Z,100011,HENRIQUE LIMA,TITULAR,2020-06-08T10:50:00.000Z
